,id,name,start_date_local,type,distance,moving_time,elapsed_time,total_elevation_gain,end_latlng,external_id
0,4676650028,–ù–æ—á–Ω–æ–π –≤–µ–ª–æ–∑–∞–µ–∑–¥ –≤ –º–∞–≥–∞–∑–∏–Ω –∏ –æ–±—Ä–∞—Ç–Ω–æ –ø–æ –®–∏–ø–∏–ª–æ–≤—Å–∫–æ–π,2021-01-24T23:42:47Z,Ride,15572.2,4016,5598,101.7,"[55.637597, 37.698348]",F165CA16-C67F-4D38-9555-854925248839-activity.fit
1,4577117746,–í–¥–æ–ª—å –∫–∞–Ω–∞–ª–∞,2021-01-06T17:20:19Z,Ride,10855.0,3383,4365,66.2,"[55.886741, 37.469267]",90546A6C-01BB-46D0-AED8-D6AC59D4FEB0-activity.fit
2,4554694139,–ü–æ —Å–Ω–µ–∂–∫—É –æ—Ç –ú–¶–ö –¥–æ –ö–æ–ª–æ–º–µ–Ω—Å–∫–æ–π —á–µ—Ä–µ–∑ –º–æ—Å—Ç,2021-01-02T17:31:36Z,Ride,3707.8,1453,1864,21.2,"[55.683534, 37.671863]",C9A9E0AE-B474-45BC-9E00-C04E37754A09-activity.fit
3,4553915835,–õ–µ–≤–æ–±–µ—Ä–µ–∂–Ω–∞—è - –î–æ–ª–≥–æ–ø—Ä—É–¥–Ω—ã–π,2021-01-02T14:37:15Z,Ride,11126.5,4552,5989,62.7,"[55.953419, 37.511021]",44D39EA9-40DB-4527-9FFD-08D85B6882D3-activity.fit
4,4552756889,–î–Ω–µ–≤–Ω–æ–π –≤–µ–ª–æ–∑–∞–µ–∑–¥,2021-01-02T12:55:50Z,Ride,4428.1,1438,1994,12.1,"[55.68998, 37.618358]",417CDF23-78FD-487A-BC01-0B10B84B57C5-activity.fit
5,4552567822,–û—Ç –ö–æ–ª–æ–º–µ–Ω—Å–∫–æ–π –ø–æ –ø–∞—Ä–∫—É,2021-01-02T12:01:38Z,Ride,7194.9,2494,3026,42.4,"[55.683547, 37.673564]",201B7626-8285-4ECF-9CA4-58B1F24E7B67-activity.fit
6,4545628300,–í–¥–æ–ª—å –®–∏–ø–∏–ª–æ–≤—Å–∫–æ–π –ø–ª–æ—Ç–∏–Ω—ã,2020-12-31T18:44:23Z,Ride,12128.0,5041,7902,100.6,"[55.637483, 37.69822]",9B9548E9-C249-4DFA-B141-2CA1A281BDC9-activity.fit
7,4538758681,–í —Ç–æ–π –¥–æ–º —á–µ—Ä–µ–∑ –¶–∞—Ä–∏—Ü—ã–Ω–æ,2020-12-30T12:31:28Z,Ride,24343.6,7199,11702,143.7,"[55.636962, 37.698087]",76D7485A-EE00-4AFF-B3E2-63779E63AF42-activity.fit
8,4524896609,–ú–æ—Ä–æ–∑–Ω–æ,2020-12-27T16:46:53Z,Ride,5190.5,1463,2378,48.3,"[55.637606, 37.698197]",A8FBE7CF-216C-4E2C-9222-72AB726945F8-activity.fit
9,4502940423,–ü–æ—Å–µ—Ç–∏—Ç—å –∏–∫–µ—é,2020-12-22T09:12:01Z,Ride,32071.9,7698,11217,199.1,"[55.637658, 37.698285]",7B2F25D3-B1C9-44DD-9136-9F43F01CC8B4-activity.fit
10,4498345316,–ù–æ—á–Ω–æ–π –≤–µ–ª–æ–∑–∞–µ–∑–¥ –¥–æ –º–∞–∫–∞ —á–µ—Ä–µ–∑ –¶–∞—Ä–∏—Ü—ã–Ω–æ,2020-12-21T00:03:47Z,Ride,23230.7,5745,7682,131.4,"[55.637694, 37.697976]",37C9CAD7-5B18-4DEA-873C-57487CD4391A-activity.fit
11,4488868006,–ù–æ—á–Ω–æ–π –≤–µ–ª–æ–∑–∞–µ–∑–¥ —á–µ—Ä–µ–∑ –¶–∞—Ä–∏—Ü—ã–Ω–æ –¥–æ –º–∫–∞–¥–∞,2020-12-19T01:03:02Z,Ride,22494.8,5224,7319,136.3,"[55.637476, 37.698065]",61D31768-A038-4C8F-8369-57EB590FFE9E-activity.fit
12,4485244851,–î–æ —Å–æ–≤—Ö–æ–∑–∞ –ø–æ –®–∏–ø–∏–ª–æ–≤—Å–∫–æ–π ,2020-12-18T00:45:05Z,Ride,17196.7,4803,7463,116.9,"[55.637569, 37.697911]",048F7AA5-E17E-4472-A996-614EE2DC942D-activity.fit
13,4477419588,–ü–æ –û—Ä–µ—Ö–æ–≤–æ,2020-12-16T00:11:12Z,Ride,12109.4,3647,10608,87.4,"[55.637121, 37.698164]",49018F52-91F6-48F0-8F0E-EA60965AE2AC-activity.fit
14,4421709717,–î–Ω–µ–≤–Ω–∞—è –ø—Ä–æ–≥—É–ª–∫–∞ –≤–¥–æ–ª—å –ë—É–ª—å–≤–∞—Ä–Ω–æ–≥–æ –∫–æ–ª—å—Ü–∞,2020-12-02T14:32:00Z,Walk,17970.4,13139,26884,139.7,"[55.731382, 37.636071]",B7D9A957-4A6C-4A9F-BF23-EC5A9E9F4BD7-activity.fit
15,4304206352,–í–µ—á–µ—Ä–Ω–∏–π –≤–µ–ª–æ–∑–∞–µ–∑–¥ –ø–æ –Ω–∞–±–µ—Ä–µ–∂–Ω–æ–π,2020-11-07T18:59:02Z,Ride,13916.3,5157,16556,120.9,"[55.637384, 37.697602]",624A09FB-B985-44A7-A142-8B2CB5979B01-activity.fit
16,4291143479,–ù–æ—á–Ω–æ–π –≤–µ–ª–æ–∑–∞–µ–∑–¥ –ø–æ —Ü–µ–Ω—Ç—Ä—É,2020-11-05T21:43:35Z,Ride,4766.1,1255,2516,21.6,"[55.74232, 37.629079]",0DFCEB0C-5467-4243-AF58-A0A34BC14280-activity.fit
17,4243712151,–ù–æ—á–Ω–æ–π –≤–µ–ª–æ–∑–∞–µ–∑–¥ –æ—Ç –ö–æ–ª–æ–º–µ–Ω—Å–∫–æ–π,2020-10-25T22:27:24Z,Ride,5611.2,1628,2513,34.3,"[55.636001, 37.697378]",739D96E7-8C7D-4705-A975-52B1394BF08D-activity.fit
18,4230188991,–ù–æ—á–Ω–æ–π –≤–µ–ª–æ–∑–∞–µ–∑–¥ –æ—Ç –º–µ—Ç—Ä–æ,2020-10-22T22:37:20Z,Ride,4290.2,1448,1722,23.2,"[55.637201, 37.69804]",E4F23F32-FBEC-417B-90F0-C323E14AD370-activity.fit
19,4214022705,–ù–æ—á–Ω–æ–π –≤–µ–ª–æ–∑–∞–µ–∑–¥ –æ—Ç –ù–∏–∂–Ω–∏—Ö –∫–æ—Ç–ª–æ–≤ –æ—á–µ–Ω—å —Ö–æ–ª–æ–¥–Ω–æ –¥–æ–º–æ–π,2020-10-19T01:59:21Z,Ride,7936.6,1560,1571,50.8,"[55.637559, 37.69799]",FB70A1A3-2D18-4064-9700-8A6F2543DB1E-activity.fit
20,4212500962,–í–µ—á–µ—Ä–Ω–∏–π –≤–µ–ª–æ–∑–∞–µ–∑–¥ –æ—Ç –≤–æ–∫–∑–∞–ª–∞,2020-10-18T18:21:16Z,Ride,6975.6,1524,1848,55.6,"[44.217406, 43.087869]",2A2657AB-4CCE-4EFD-883A-ABE2FBEAFA1F-activity.fit
21,4211796706,–ö–∏—Å–ª–æ–≤–æ–¥—Å–∫–∏–π –ø–∞—Ä–∫ –ø–æ –≥–æ—Ä–æ–¥—É,2020-10-18T08:04:19Z,Ride,35853.0,13968,32562,910.0,"[43.929712, 42.725852]",08A497D6-1035-4747-85F1-F95CB30F33AB-activity.fit
22,4207122491,–î–æ –ö–∏—á–∏-–ë–∞–ª—ã–∫–∞ –æ—Ç –ö–∏—Å–ª–æ–≤–æ–¥—Å–∫–∞,2020-10-17T10:32:56Z,Ride,57491.2,18327,29081,1468.9,"[43.901321, 42.726316]",AD9E4E20-4956-4270-BA27-854B1ADE1B10-activity.fit
23,4203279409,–ö–∏—Å–ª–æ–≤–æ–¥—Å–∫–∏–π –ø–∞—Ä–∫ –ø–æ –≥–æ—Ä–∫–∞–º,2020-10-16T11:22:32Z,Ride,36753.1,15243,34991,989.5,"[43.901178, 42.726425]",15911699-20BB-4107-95B1-F7833CEBE14B-activity.fit
24,4199186607,–ö–∏—Å–ª–æ–≤–æ–¥—Å–∫–∏–π –ø–∞—Ä–∫,2020-10-15T12:47:45Z,Ride,31757.9,12416,27051,810.9,"[43.901488, 42.72683]",F3CE7957-40E0-45D5-BC9B-7C94C8BEFD46-activity.fit
25,4197201404,–ú–∏–Ω–≤–æ–¥—ã –¥–æ –≤–æ–∫–∑–∞–ª–∞,2020-10-15T10:50:28Z,Ride,9051.2,2222,2552,38.8,"[44.212443, 43.143296]",1DB638FD-5B7C-45DA-BC43-EC23613D2CD4-activity.fit
26,4195469655,–û—Å–µ–Ω–Ω–∏–π –¥–æ—â—å –∏–∑ –ö–æ–ª–æ–º–µ–Ω—Å–∫–æ–≥–æ,2020-10-14T22:03:26Z,Ride,5282.1,1672,3380,31.9,"[55.636265, 37.697357]",05C1E623-24DD-440E-99F1-A415F3BDB0B5-activity.fit
27,4194188131,–û—Ç –í–æ—Ä–æ–±—å–µ–≤—ã—Ö –≥–æ—Ä –ø–æ –Ω–∞–±–µ—Ä–µ–∂–Ω–æ–π –¥–æ –ù–æ–≤–æ–∫—É–∑–Ω–µ—Ü–∫–æ–π,2020-10-14T15:24:02Z,Ride,15063.4,5500,9875,72.7,"[55.746026, 37.626224]",C9DDEE6D-5D5D-457C-85F5-099F9E52A59E-activity.fit
28,4191314207,–ü–æ –Ω–∞–±–µ—Ä–µ–∂–Ω–æ–π –°–∂–µ–≤–∞–ª–∞ —Å—Ç—Ä–∞–≤–∞ 20 –∫–º,2020-10-13T18:23:04Z,Ride,4532.8,1139,1680,9.6,"[55.639402, 37.694323]",8C2F2E8C-50D7-4D87-974A-DFF46CD49A4C-activity.fit
29,4189790645,–¢—É—á–∫–æ–≤–æ - –£—Å–æ–≤–æ –ø–æ –ú–æ—Å–∫–≤–∞-—Ä–µ–∫–µ,2020-10-13T09:45:49Z,Ride,76697.9,18725,27219,530.6,"[55.729514, 37.215296]",3DAF9A6B-12D3-41B1-935F-7EB2EDD9E5C0-activity.fit
30,4188015123,–£—Ç—Ä–µ–Ω–Ω–∏–π –≤–µ–ª–æ–∑–∞–µ–∑–¥ –¥–æ –í–µ—Ä—Ö–Ω–∏—Ö –∫–æ—Ç–ª–æ–≤,2020-10-13T07:11:04Z,Ride,8939.5,1627,1955,62.7,"[55.689946, 37.61846]",B3A36136-1F97-4A52-8987-2011F40B09A9-activity.fit
31,4177945268,–ù–æ—á–Ω–æ–π –≤–µ–ª–æ–∑–∞–µ–∑–¥ –æ—Ç –ö–æ–ª–æ–º–µ–Ω—Å–∫–æ–π,2020-10-10T22:21:30Z,Ride,6361.2,1509,1578,55.0,"[55.636089, 37.697304]",6598ACA9-2C34-47F8-BAA9-C87820821FA1-activity.fit
32,4169572539,–ù–æ—á–Ω–æ–π –≤–µ–ª–æ–∑–∞–µ–∑–¥ –ø–æ –Ω–∞–±–µ—Ä–µ–∂–Ω–æ–π,2020-10-08T22:50:58Z,Ride,25158.1,7226,8999,101.7,"[55.636692, 37.697976]",CBB94A85-E0A2-4EF9-8357-6725C753F417-activity.fit
33,4158698555,–ß–∏—Å–º–µ–Ω–∞ - –ö–ª–∏–Ω (–í –ó–∞–≤–∏–¥–æ–≤–æ —Å–µ–≥–æ–¥–Ω—è –Ω–µ –ø—É—Å—Ç–∏–ª–∏),2020-10-06T10:13:22Z,Ride,94790.2,17275,24613,873.0,"[56.329974, 36.712043]",864A00DF-CD56-4487-A896-BA95FB87BA46-activity.fit
34,4156126358,–ü–æ –Ω–∞–±–µ—Ä–µ–∂–Ω–æ–π,2020-10-05T19:33:43Z,Ride,27399.6,7451,19285,124.0,"[55.636852, 37.697285]",FCC60E28-7D46-4DF0-968F-9E37FA8BA04E-activity.fit
35,4154556516,–°–æ–ª–Ω–µ—á–Ω–æ–≥–æ—Ä—Å–∫ - –î–º–∏—Ç—Ä–æ–≤,2020-10-05T14:06:05Z,Ride,65934.8,11091,14127,551.2,"[56.336836, 37.510014]",D3F1AE92-2303-4DC3-95D9-17A49C6ECFDA-activity.fit
36,4150610345,–û–±—ä–µ—Ö–∞—Ç—å –≤—Å–µ –∫–∞–Ω–∞–ª—ã –°–ø–±,2020-10-04T11:06:25Z,Ride,43572.7,13873,24336,421.4,"[59.928785, 30.362459]",7DEDC27D-591F-4C1D-B9C5-CF574EE0692E-activity.fit
37,4146241927,–û—Ä–∞–Ω–∏–µ–Ω–±–∞—É–º - –ü–µ—Ç–µ—Ä–≥–æ—Ñ ,2020-10-03T12:12:31Z,Ride,44160.6,17373,24406,206.2,"[59.863675, 29.928475]",660B4F1A-D5E7-4195-9E88-A5D03533A99B-activity.fit
38,4144162877,–î–æ –ë–∞–ª—Ç–∏–π—Å–∫–æ–≥–æ –≤–æ–∫–∑–∞–ª–∞,2020-10-03T10:34:27Z,Ride,7912.3,1609,1880,80.4,"[59.905974, 30.298476]",68239835-6FD0-4BE2-AE5D-7620CA77C36F-activity.fit
39,4141799295,–û—Ç –ê–ª–µ–∫—Å–∞–Ω–¥—Ä–æ–≤—Å–∫–æ–π –¥–æ –ü–∞–≤–ª–æ–≤—Å–∫–∞ –∏ –ø–æ –ø–∞—Ä–∫—É,2020-10-02T16:27:59Z,Ride,23655.0,6986,8865,147.3,"[59.693952, 30.433566]",5FC89283-32F5-41C7-A40F-30E5F836BEC8-activity.fit
40,4141169648,–ü–æ –ì–∞—Ç—á–∏–Ω–µ,2020-10-02T14:21:21Z,Ride,8896.0,4197,5275,45.8,"[59.551043, 30.132908]",6056F522-0F41-43FF-85F8-D47F86B6EB42-activity.fit
41,4140880844,–ü–æ –°–ø–±,2020-10-02T10:56:43Z,Ride,13497.9,3434,12264,173.4,"[59.905001, 30.298713]",74DC85C6-255B-411D-9915-A4C52EFDCBB7-activity.fit
42,4138868095,–û—Ç –º–µ—Ç—Ä–æ –ø–æ —à–æ—Å—Å–µ ,2020-10-01T23:42:48Z,Ride,4258.3,975,1048,25.7,"[55.637271, 37.696137]",C2F3CB55-3E6B-424F-9324-6FA647B1CC46-activity.fit
43,4134636150,–í–¥–æ–ª—å –Ø—É–∑—ã –∏ –ø–æ –Ω–∞–±–µ—Ä–µ–∂–Ω–æ–π,2020-09-30T16:47:59Z,Ride,72004.9,15752,28860,328.1,"[55.637127, 37.699592]",2619C750-EE30-440B-9184-60FDD7E9BD13-activity.fit
44,4129863583,–û—Ç –ö–æ–ª–æ–º–µ–Ω—Å–∫–æ–π,2020-09-29T22:31:52Z,Ride,7393.5,2247,2881,74.4,"[55.637147, 37.697668]",F85B8C45-B0D6-4172-B94B-C1EDD7FE49EC-activity.fit
45,4121043680,–ì–æ—Ä–∫–∏ - –û—Å—Ç—Ä–æ–≤,2020-09-27T14:42:27Z,Ride,73354.4,16977,23857,613.1,"[55.637266, 37.699218]",A62D9F70-A0C1-4BB8-9620-66EC2DF416BD-activity.fit
46,4107810286,–ü–æ –ú–æ—Å–∫–≤–µ –ø–æ –Ω–∞–±–µ—Ä–µ–∂–Ω–æ–π –¥–æ–º–æ–π,2020-09-24T20:32:03Z,Ride,28920.3,6655,13222,99.0,"[55.637592, 37.698031]",792630F9-2EF4-4459-91B3-20358532702D-activity.fit
47,4106675924,–ö–ª–∏–Ω - –°–æ–ª–Ω–µ—á–Ω–æ–≥–æ—Ä—Å–∫,2020-09-24T16:14:28Z,Ride,57113.9,10655,11812,585.2,"[56.184859, 36.970302]",5370B120-6592-47FF-ACE5-6B3A25857451-activity.fit
48,4103154353,–ü–æ –ú–æ—Å–∫–≤–µ,2020-09-23T19:29:33Z,Ride,36557.3,8409,12182,131.6,"[55.638179, 37.698424]",C552CA85-123A-49A3-9724-8299F551AFDD-activity.fit
49,4101955300,–î–æ–ª–≥–æ–ø—Ä—É–¥–Ω—ã–π - –≤–æ–¥–æ—Ö—Ä–∞–Ω–∏–ª–∏—â–∞ –ü–µ—Å—Ç–æ–≤–æ –∏ –¥—Ä—É–≥–∏–µ,2020-09-23T16:38:58Z,Ride,37032.9,6350,7540,185.0,"[55.961659, 37.808381]",AAD45FB3-6FDB-43E0-9D90-1FB464E96FEA-activity.fit
50,4090182643,–î–æ –º–∞–≥–∞–∑–∏–Ω–∞ –≤ —Å–æ–≤—Ö–æ–∑–µ –ø–æ –ö–∞—à–º–∏—Ä–∫–µ –∏ –æ–±—Ä–∞—Ç–Ω–æ —á–µ—Ä–µ–∑ –û—Ä–µ—Ö–æ–≤–æ,2020-09-20T14:22:21Z,Ride,13908.3,2977,45223,109.3,"[55.637782, 37.698241]",F73CF836-3609-46FA-8E49-EC8F59E9DA89-activity.fit
51,4073437541,–§—Ä—É–∫—Ç–æ–≤–∞ - –ö–æ–ª–æ–º–Ω–∞,2020-09-17T09:19:12Z,Ride,130026.0,23466,30586,747.3,"[55.089351, 38.795104]",C7011FFB-2CD4-4AE8-BC1F-1527033E7E92-activity.fit
52,4050385272,–í –∏–∫–µ—é –≤ –¥–∑–µ—Ä–∂–∏–Ω—Å–∫–æ–º —á–µ—Ä–µ–∑ –ø–∞—Ä–∫ –∏ –ø–æ –Ω–∞–±–µ—Ä–µ–∂–Ω–æ–π,2020-09-12T20:11:51Z,Ride,29108.7,6703,10167,217.1,"[55.637358, 37.69808]",F20AE0B5-907E-41A5-ABF5-EC93129390B0-activity.fit
53,4023065062,–ù–æ—á–Ω–æ–π –≤–µ–ª–æ–∑–∞–µ–∑–¥ –æ—Ç –ú—è—Å–Ω–∏—Ü–∫–æ–π –¥–æ–º–æ–π –ø–æ –Ω–∞–±–µ—Ä–µ–∂–Ω–æ–π,2020-09-06T23:10:56Z,Ride,23999.1,6051,8673,94.5,"[55.637488, 37.697839]",BD18AF07-E86C-4221-9622-37237B1AEBD1-activity.fit
54,4017534647,–ó–∞ –ø–æ–ª–æ—á–∫–∞–º–∏ –≤ –∏–∫–µ—é,2020-09-05T22:49:11Z,Ride,29145.8,5826,7841,217.2,"[55.637326, 37.69928]",1C8137A1-CF1F-4FD5-B460-4FB6B3F4878C-activity.fit
55,4006909327,–í–µ—á–µ—Ä–Ω–∏–π –≤–µ–ª–æ–∑–∞–µ–∑–¥ –ø–æ –°–ø–± –≤–µ—á–µ—Ä–æ–º,2020-09-03T18:21:52Z,Ride,18258.4,5637,9170,121.6,"[59.926264, 30.36438]",B28F04EA-8C37-43C1-8843-889B5D0AC9D3-activity.fit
56,4005614337,–ó–µ–ª–µ–Ω–æ–≥–æ—Ä—Å–∫ - –í—ã–±–æ—Ä–≥,2020-09-03T06:35:28Z,Ride,127524.0,23259,36943,1030.4,"[60.716098, 28.751325]",5C3FDB6C-A469-4B0B-870B-80327815CC88-activity.fit
57,4001723163,–°–ø–± - –ó–µ–ª–µ–Ω–æ–≥–æ—Ä—Å–∫,2020-09-02T09:43:22Z,Ride,109991.0,24978,37412,407.6,"[60.190595, 29.524081]",9250EDF5-421E-4555-8FCA-6BB0F4569E1A-activity.fit
58,3997595335,–î–Ω–µ–≤–Ω–æ–π –≤–µ–ª–æ–∑–∞–µ–∑–¥ –ø–æ —Å–æ–ª–Ω–µ—á–Ω–æ–º—É –°–ø–± –æ—Å–µ–Ω–Ω–µ–º—É,2020-09-01T16:20:02Z,Ride,19404.3,7188,20718,247.4,"[59.94226, 30.326353]",741AF4F3-DB15-4C02-80A0-9A01EF31AD2C-activity.fit
59,3994923898,–í –ü—Å–∫–æ–≤–µ –¥–æ—â—ä,2020-09-01T10:37:41Z,Ride,11789.0,4469,7608,72.5,"[57.806967, 28.367092]",9790B73A-DD81-4CE6-8653-F9F45F4FBD33-activity.fit
60,3983488919,–í–µ—á–µ—Ä–Ω–∏–π –≤–µ–ª–æ–∑–∞–µ–∑–¥ –≤ –∏–¥–µ—é –∑–∞ –ø–æ–ª–æ—á–∫–∞–º–∏,2020-08-29T18:49:28Z,Ride,31087.1,6551,12006,209.1,"[55.637814, 37.697933]",25F01424-587E-4BC0-B638-B042C309AB79-activity.fit
61,3974242641,–í–µ—á–µ—Ä–Ω–∏–π –≤–µ–ª–æ–∑–∞–µ–∑–¥ –ø–µ—Ä–≤—ã–π —Ä–∞–∑ –≤ –ú–µ–≥—É —á–µ—Ä–µ–∑ –∫–æ–ø–æ—Ç–Ω—é –∏ —Ä—ã–Ω–æ–∫ –Ω–µ –ø–æ–Ω—Ä–∞–∏–≤–ª–æ—Å—å,2020-08-27T18:43:38Z,Ride,27544.7,5958,8286,182.3,"[55.637104, 37.699473]",CCEA115B-3715-4D09-9962-1DE59C2166A5-activity.fit
62,3972659244,–í–µ—á–µ—Ä–Ω–∏–π –≤–µ–ª–æ–∑–∞–µ–∑–¥ –ø–æ –û—Ä–µ—Ö–æ–≤—É,2020-08-26T20:06:08Z,Ride,18513.3,4521,67603,128.6,"[55.637531, 37.69845]",5963FA65-7BE8-4AB9-B759-EB673B878009-activity.fit
63,3932487308,–í–µ—á–µ—Ä–Ω–∏–π –≤–µ–ª–æ–∑–∞–µ–∑–¥ –æ—Ç –ö–∞–ª–∞–Ω—á–µ–≤—Å–∫–æ–π –ø–æ –Ω–∞–±–µ—Ä–µ–∂–Ω–æ–π,2020-08-18T19:25:52Z,Ride,23124.8,5827,9629,100.3,"[55.638134, 37.698292]",5C3746E7-1A46-4C99-9457-F32976986E3A-activity.fit
64,3931262821,–ò–∫—à–∞ - –ü—É—à–∫–∏–Ω,2020-08-18T14:50:03Z,Ride,46440.5,9784,12968,357.0,"[56.064408, 37.86751]",85C79A82-27CA-498B-8158-B623A1B670AB-activity.fit
65,3927287891,–î–Ω–µ–≤–Ω–æ–π –≤–µ–ª–æ–∑–∞–µ–∑–¥ –ø–æ –°–ø–± —á–µ—Ä–µ–∑ —Ü–µ–Ω—Ç—Ä,2020-08-17T11:15:14Z,Ride,9976.5,3033,36321,121.4,"[59.925871, 30.363514]",D8F582C6-9B0E-4F72-B7FF-1EC01DFCAA07-activity.fit
66,3923557240,–í–µ—á–µ—Ä–Ω–∏–π –≤–µ–ª–æ–∑–∞–µ–∑–¥ –ø–æ –°–ø–±,2020-08-16T18:00:01Z,Ride,14967.9,4755,19237,82.9,"[59.915018, 30.296252]",897C60AE-BCDA-4AA6-B382-3EDAB0158163-activity.fit
67,3920454840,–°—Ç–∞—Ä–∞—è –†—É—Å—Å–∞ - –ù–æ–≤–≥–æ—Ä–æ–¥,2020-08-16T04:37:34Z,Ride,129754.0,24192,30743,327.0,"[58.52678, 31.250602]",9BF612D2-EBE1-48B3-B80C-758595CA94ED-activity.fit
68,3889221268,–í–æ–ª–≥–∞ - –ú—ã—à–∫–∏–Ω - –£–≥–ª–∏—á - –ö–∞–ª—è–∑–∏–Ω,2020-08-09T09:59:17Z,Ride,129777.0,22449,39178,496.6,"[57.240823, 37.828361]",D6CC92A6-90B4-4D56-B883-FC0E1BAA6CF8-activity.fit
69,3884049015,–¢—É—Ä–∞–µ–≤ - –†—ã–±–∏–Ω—Å–∫,2020-08-08T09:40:30Z,Ride,126355.0,24202,40073,690.0,"[58.05396, 38.838368]",6583793C-8ECC-497C-A5E8-62806D1CA9FC-activity.fit
70,3880804643,–†–∞–Ω–æ —É—Ç—Ä–æ–º –ø–æ –Ø—Ä–æ—Å–ª–∞–≤–ª—é –¥–æ –ø—Ä–∏–≥–æ—Ä–æ–¥–Ω–æ–≥–æ –ø–æ–µ–∑–¥–∞,2020-08-08T07:55:25Z,Ride,8420.5,2500,3314,32.6,"[57.62594, 39.834528]",DB0A3379-24A3-4304-83C6-A550A210BFB2-activity.fit
71,3879228659,–í–µ—á–µ—Ä–Ω–∏–π –Ø—Ä–æ—Å–ª–∞–≤–ª—å,2020-08-07T19:05:57Z,Ride,10162.0,2981,9003,33.6,"[57.613798, 39.889425]",970EB3F9-DB12-4AEC-A62C-C8724C10AB7B-activity.fit
72,3877830947,–ö–æ—Å—Ç—Ä–æ–º–∞,2020-08-07T11:04:10Z,Ride,39572.5,9178,17171,253.3,"[57.758951, 40.979947]",D09C53EE-BF29-4A70-9F72-CA3CE5D13FCD-activity.fit
73,3876810918,–ù–∞ –ª–æ–¥–∫–µ –Ω–∞ –í–æ–ª–≥–µ –≤ –ø–∞–Ω—Å–∏–æ–Ω–∞—Ç–µ,2020-08-07T10:27:18Z,Kayaking,1172.0,1099,1304,3.3,"[57.631971, 41.117978]",6AEDADFD-AADD-48ED-8B3F-001644BF2540-activity.fit
74,3874997435,–ö—Ä–∞—Å–Ω–æ–µ –Ω–∞ –í–æ–ª–≥–µ,2020-08-06T15:25:21Z,Ride,39527.6,7101,27266,169.5,"[57.628884, 41.119342]",EF631262-00F8-40CC-84FA-CA538F5C4753-activity.fit
75,3869792188,–Æ—Ä—å–µ–≤–∏—Ü - –ö–∏–Ω–µ—à–º–∞ - –ü–ª–µ—Å,2020-08-05T08:21:58Z,Ride,144182.0,27857,50174,734.3,"[57.460229, 41.519247]",14FA511D-ECDC-4522-9224-01505AA8097F-activity.fit
76,3864005088,–ó–∞–≤–æ–ª–∂—å–µ - –Æ—Ä—å–µ–≤–µ—Ü,2020-08-04T08:25:49Z,Ride,167189.0,30623,42797,989.2,"[57.283201, 43.108141]",1FED63F8-7D9F-4FD3-8FC5-562E2B85B3E2-activity.fit
77,3859599103,–ù–∏–∂–Ω–∏–π –ù–æ–≤–≥–æ—Ä–æ–¥ - –ó–∞–≤–æ–ª–∂—Å–∫,2020-08-03T10:20:35Z,Ride,111582.0,26256,41827,672.8,"[56.672694, 43.466839]",1D17F9C5-7EF6-49F8-89F5-1FB3EB5A28B1-activity.fit
78,3835284455,–ú—Å–∫,2020-07-29T15:18:32Z,Ride,77906.3,15458,31971,220.0,"[55.63663, 37.698121]",2C527C16-A870-4A11-AA30-16F57461C587-activity.fit
79,3829743322,–ú—Å–∫,2020-07-28T16:08:52Z,Ride,47387.7,10407,29322,284.2,"[55.637886, 37.700893]",F84DD190-BE84-463F-8902-E5820ABD51DB-activity.fit
80,3820183237,–†—ã–±–Ω–æ–µ - –ö–æ–Ω—Å—Ç–∞–Ω—Ç–∏–Ω–æ–≤–æ - –§—Ä—É–∫—Ç–æ–≤–∞—è,2020-07-27T09:55:38Z,Ride,73730.7,14381,19613,401.8,"[54.91572, 39.258311]",8B92933D-44DD-4D81-9934-5ADB83A2FE49-activity.fit
81,3816182367,–î–Ω–µ–≤–Ω–æ–π –≤–µ–ª–æ–∑–∞–µ–∑–¥ –¥–æ –ö–æ–ª–æ–º–µ–Ω—Å–∫–æ–π –∏ –¥–æ –º–∫–∞–¥–∞ ,2020-07-26T16:15:31Z,Ride,39035.3,8835,19900,289.2,"[55.637255, 37.699384]",CFECC5D7-0159-45CD-925C-992B0442453C-activity.fit
82,3812581677,–ú—Å–∫,2020-07-25T18:08:31Z,Ride,73248.9,14496,20636,242.9,"[55.636441, 37.697213]",41E47756-BDEC-490A-859E-A36763907EE6-activity.fit
83,3802968143,–í–µ—á–µ—Ä–Ω–∏–π –≤–µ–ª–æ–∑–∞–µ–∑–¥ –ø–æ –ú–æ—Å–∫–≤–µ –ø–æ –§—Ä—É–Ω–∑–µ–Ω—Å–∫–æ–π –Ω–∞–±–µ—Ä–µ–∂–Ω–æ–π,2020-07-22T18:01:33Z,Ride,29625.8,6998,9981,182.3,"[55.678778, 37.664259]",3228F363-27CD-4F23-AA5E-595BD0004ABD-activity.fit
84,3796270918,–°–æ—Ä—Ç–∞–≤–∞–ª–∞ - –†—É—Å–∫–µ–∞–ª–∞ - –°–æ—Ä—Ç–∞–≤–∞–ª–∞,2020-07-21T11:09:20Z,Ride,79518.7,17919,30537,908.3,"[61.693766, 30.672625]",C83D9808-2CD2-4FB3-89B3-B656FAC4AF1C-activity.fit
85,3793372039,–£—Ç—Ä–µ–Ω–Ω–∏–π –≤–µ–ª–æ–∑–∞–µ–∑–¥ —É—Ç—Ä–æ–º —Ä–∞–Ω–æ –Ω–∞ —ç–ª–µ–∫—Ç—Ä–∏—á–∫—É,2020-07-21T05:30:02Z,Ride,4769.2,1073,1802,24.8,"[59.957217, 30.357264]",3A3D7ACC-69C4-4403-BE1C-57E932BA9D73-activity.fit
86,3792845535,–°–ø–±,2020-07-20T11:13:59Z,Ride,63774.2,21075,54447,356.2,"[59.948842, 30.408847]",236BB039-8BD0-4F8D-93F3-3739B5F49BCE-activity.fit
87,3788842882,–ù–æ—á–Ω–æ–π –≤–µ–ª–æ–∑–∞–µ–∑–¥ –ø–æ —Å–ø–±,2020-07-19T21:15:49Z,Ride,5035.3,1444,42455,61.3,"[59.923272, 30.306951]",3A7105E5-8D3E-493C-A23D-67643F6C7D82-activity.fit
88,3786996344,–ü–∞–≤–ª–æ–≤—Å–∫ –∏ –¶–∞—Ä—Å–∫–æ–µ —Å–µ–ª–æ –¥–æ –ü—É–ª–∫–æ–≤—Å–∫–∏—Ö –≤—ã—Å–æ—Ç,2020-07-19T15:17:46Z,Ride,35482.2,11435,18624,245.1,"[59.813888, 30.32246]",3A682643-A2B0-45AA-A1FA-AEE8940F2FF6-activity.fit
89,3784976919,–î–Ω–µ–≤–Ω–æ–π –≤–µ–ª–æ–∑–∞–µ–∑–¥ –ø–æ –°–ø–±,2020-07-19T11:30:55Z,Ride,17453.4,4494,11551,131.9,"[59.917924, 30.330766]",D62FE08A-65BF-4492-93A1-233A39808356-activity.fit
90,3783418901,–£—Ç—Ä–µ–Ω–Ω–∏–π –≤–µ–ª–æ–∑–∞–µ–∑–¥ –æ—Ç –æ–∑–µ—Ä–∞ –ö–æ–º—Å–æ–º–æ–ª—å—Å–∫–æ–µ –¥–æ —ç–ª–µ–∫—Ç—Ä–∏—á–∫–∏,2020-07-19T08:05:45Z,Ride,10716.5,2570,3075,87.0,"[60.824672, 30.129612]",04036978-4800-49AC-81EF-78F3E75B1257-activity.fit
91,3781962682,–í—ã–±–æ—Ä–≥ - –í—É–æ–∫—Å–∞,2020-07-18T08:50:35Z,Ride,123583.0,26067,45909,1283.0,"[60.838933, 29.97225]",2C5567F0-DBE2-4AD7-8B7C-01DF1DE3B49B-activity.fit
92,3777150006,–ó–µ–ª–µ–Ω–æ–≥–æ—Ä—Å–∫ - –í—ã–±–æ—Ä–≥,2020-07-17T08:28:36Z,Ride,132336.0,25154,53380,966.9,"[60.711031, 28.745309]",6B672F62-DC1F-426D-9A0E-DD40552EE677-activity.fit
93,3772049038,–î–Ω–µ–≤–Ω–æ–π –≤–µ–ª–æ–∑–∞–µ–∑–¥ –æ–ø –°–ü–ë,2020-07-16T16:46:11Z,Ride,29924.0,9755,15717,166.4,"[59.974623, 30.387577]",0C8ED20A-5C62-4D4F-A78A-BE4D619B051D-activity.fit
94,3770535411,–®–ª–∏—Å—Å–µ–ª—å–±—É—Ä–≥ - –í—Å–µ–≤–æ–ª–æ–∂—Å–∫ —Ö–æ–ª–æ–¥–Ω–æ –∏ –≤–µ—Ç—Ä–µ–Ω–æ,2020-07-16T13:44:04Z,Ride,25791.6,4837,6673,71.9,"[60.018858, 30.678923]",4843CB42-1C8D-4BCB-8459-2A5518B2F6B4-activity.fit
95,3757879748,–ù–æ—á–Ω–æ–π –≤–µ–ª–æ–∑–∞–µ–∑–¥ –¥–æ –ö–æ–ª–æ–º–µ–Ω—Å–∫–æ–π –ø–æ –Ω–∞–±–µ—Ä–µ–∂–Ω–æ–π,2020-07-13T22:43:39Z,Ride,14623.3,3063,3408,21.0,"[55.677858, 37.663244]",A17170B3-334B-4D9E-BC83-8D2F8DD32C5F-activity.fit
96,3756796077,–î–Ω–µ–≤–Ω–æ–π –≤–µ–ª–æ–∑–∞–µ–∑–¥ –æ—Ç –í–æ—Ä–æ–±—å–µ–≤—ã—Ö –≥–æ—Ä –ø–æ –±—É–ª—å–≤–∞—Ä–Ω–æ–º—É,2020-07-13T16:24:24Z,Ride,20126.8,4593,12802,112.4,"[55.762058, 37.628205]",1838D2C0-B836-4DA0-BD3B-60C6FB0291F4-activity.fit
97,3755462981,–£—Ç—Ä–µ–Ω–Ω–∏–π –≤–µ–ª–æ–∑–∞–µ–∑–¥ –ø–æ –ö—É—Ç—É–∑–æ–≤—Å–∫–æ–º—É –¥–æ –ú—è—Å–Ω–∏—Ü–∫–æ–π,2020-07-13T09:01:02Z,Ride,9838.0,2334,20436,76.1,"[55.762273, 37.633909]",5A91FFCF-C5D7-4163-AE0A-6D66F19D212D-activity.fit
98,3752142718,–ö–∞–ª—É–≥–∞ - –°–µ—Ä–ø—É—Ö–æ–≤,2020-07-12T10:31:48Z,Ride,120121.0,21224,30526,1131.5,"[54.94519, 37.451725]",981C37AC-CBFB-4B88-9E55-97F565880DF3-activity.fit
99,3748021094,–ú—Å–∫,2020-07-11T19:56:54Z,Ride,55106.3,10648,16794,263.6,"[55.637437, 37.698269]",CFE45EA3-44E9-402F-BC0D-926392EEB258-activity.fit
100,3742155519,–ú—Å–∫,2020-07-10T10:33:24Z,Ride,42032.0,10092,36688,167.5,"[55.637401, 37.697459]",BD62C907-38DA-483A-BFB5-19252C1F2C60-activity.fit
101,3738400229,–î–Ω–µ–≤–Ω–æ–π –≤–µ–ª–æ–∑–∞–µ–∑–¥ –¥–æ –ö—Ä–µ–º–ª—è –∏ –æ–±—Ä–∞—Ç–Ω–æ –ø–æ –Ω–∞–±–µ—Ä–µ–∂–Ω–æ–π,2020-07-09T15:38:04Z,Ride,32378.7,6640,29769,143.2,"[55.679222, 37.663489]",125CBA5D-E220-43E8-BF6D-398703D7AFAB-activity.fit
102,3733256698,–í–ª–∞–¥–∏–º–∏—Ä - –ù–µ—Ä–ª—å - –°—É–∑–¥–∞–ª—å,2020-07-08T11:24:17Z,Ride,120235.0,24744,37990,938.6,"[56.129298, 40.41898]",AF8D354C-F4BF-40C4-82BC-37BE450FA844-activity.fit
103,3728971152,–£—Ç—Ä–µ–Ω–Ω–∏–π –≤–µ–ª–æ–∑–∞–µ–∑–¥ –Ω–∞ –ú–¶–ö –ø–æ –Ω–∞–±–µ—Ä–µ–∂–Ω—ã–º –ø–æ –ú–æ—Å–∫–≤–µ –∏ –æ–±—Ä–∞—Ç–Ω–æ,2020-07-07T10:35:57Z,Ride,38349.1,9131,47781,201.5,"[55.637966, 37.698437]",3445AF9C-69EC-4CE1-82E4-AC17EBB459FA-activity.fit
104,3722057230,–ö–æ–ª–æ–º–Ω–∞ - –ó–∞—Ä–∞–π—Å–∫ - –ë–µ–ª–æ–ø–µ—Å–æ—Ü–∫–∏–π,2020-07-06T08:49:08Z,Ride,101973.0,20038,31663,692.1,"[54.871347, 38.14714]",073E5B1B-FBA8-4AB4-B863-7CBC5CE46FB4-activity.fit
105,3706985840,–û–±–Ω–∏–Ω—Å–∫ - –ú–æ–∂–∞–π—Å–∫,2020-07-03T07:01:45Z,Ride,115584.0,20644,30239,975.3,"[55.511628, 36.220618]",85B526BF-33F4-44C2-B34E-E8CCDFB2523D-activity.fit
106,3705555567,–£—Ç—Ä–µ–Ω–Ω–∏–π –≤–µ–ª–æ–∑–∞–µ–∑–¥ –¥–æ –ö–∏–µ–≤—Å–∫–æ–≥–æ –≤–æ–∫–∑–∞–ª–∞ –æ—á–µ–Ω—å –±—ã—Å—Ç—Ä–æ —É—Å–ø–µ—Ç—å –Ω–∞ —ç–∫—Å–ø—Ä–µ—Å—Å,2020-07-03T04:17:00Z,Ride,17570.8,2638,3024,103.2,"[55.741807, 37.56071]",B142AA76-575E-41A4-BB60-5BE89FEF2418-activity.fit
107,3694523943,–ú—Å–∫,2020-06-30T18:32:53Z,Ride,41120.2,10580,13869,165.4,"[55.638217, 37.701212]",FA05B00F-459A-4CE9-9E9C-4BCE5B2F3E00-activity.fit
108,3690064523,–í–µ—á–µ—Ä–Ω–∏–π –≤–µ–ª–æ–∑–∞–µ–∑–¥ –¥–æ –ö—Ä–µ–º–ª—è –∏ –≤–æ–∫—Ä—É–≥ –∏ –æ–±—Ä–∞—Ç–Ω–æ ,2020-06-29T18:29:59Z,Ride,37506.1,7945,20944,193.9,"[55.637489, 37.699001]",49AAD1D4-52E4-454A-AED5-48B8D8A1271A-activity.fit
109,3685690136,–ú—Å–∫,2020-06-28T19:15:03Z,Ride,71113.8,12165,14379,223.4,"[55.637509, 37.700254]",97E83061-A3C6-4802-AB26-7A16334511BF-activity.fit
110,3680598736,–ü–æ –ú–æ—Å–∫–≤–µ,2020-06-27T19:24:22Z,Ride,81108.6,14626,19978,359.1,"[55.63741, 37.698889]",07F1FDE0-E027-4D45-876C-F31F84A3FCE4-activity.fit
111,3670616213,–í–µ—á–µ—Ä–Ω–∏–π –≤–µ–ª–æ–∑–∞–µ–∑–¥ –¥–æ –ö—Ä–µ–º–ª—è –∏ –æ–±—Ä–∞—Ç–Ω–æ –ø–æ –Ω–∞–±–µ—Ä–µ–∂–Ω–æ–π,2020-06-25T18:23:56Z,Ride,35701.0,7573,14102,163.1,"[55.637769, 37.698244]",A89C027D-5FAF-4993-B255-B2C9A7D4A2B2-activity.fit
112,3665478738,–í–µ—á–µ—Ä–Ω–∏–π –≤–µ–ª–æ–∑–∞–µ–∑–¥ –¥–æ —Ü–µ–Ω—Ç—Ä–∞ –∏ –æ–±—Ä–∞—Ç–Ω–æ –ø–æ –Ω–∞–±–µ—Ä–µ–∂–Ω—ã–º,2020-06-24T18:08:24Z,Ride,36100.3,7712,13078,189.6,"[55.63736, 37.699586]",D6193209-5643-43E1-896E-AD6795A2E040-activity.fit
113,3659064173,–ú—Å–∫,2020-06-23T09:16:18Z,Ride,65377.5,13653,30842,409.0,"[55.636794, 37.697294]",3B86466F-CB8C-4705-8C90-4CD83783BCC4-activity.fit
114,3655276534,–í–µ—á–µ—Ä–Ω–∏–π –≤–µ–ª–æ–∑–∞–µ–∑–¥ –ø–æ –Ω–∞–±–µ—Ä–µ–∂–Ω—ã–º –¥–æ–º–æ–π,2020-06-22T19:40:44Z,Ride,21209.9,4666,9798,89.9,"[55.637766, 37.70072]",4ED94F1C-52D9-4B31-B6E9-0C383FBE9172-activity.fit
115,3654295386,–í–µ—á–µ—Ä–Ω–∏–π –≤–µ–ª–æ–∑–∞–µ–∑–¥ –ø–æ —à–æ—Å—Å–µ –¥–æ–º–æ–π,2020-06-22T18:55:25Z,Ride,15135.4,2149,2240,80.0,"[55.748794, 37.624829]",96B9C263-6BDC-4474-9BA4-0EBAAD2CBBBA-activity.fit
116,3651104595,–ú—Å–∫,2020-06-21T19:22:45Z,Ride,67937.9,12399,15484,382.9,"[55.637254, 37.699033]",0233C5C1-A769-4CA3-A057-8F9DC6C3C37B-activity.fit
117,3645360452,–í–µ—á–µ—Ä–Ω–∏–π –≤–µ–ª–æ–∑–∞–µ–∑–¥ –≤ –º–∞–≥–∞–∑–∏–Ω –∏ –∑–∞–µ—Ö–∞—Ç—å –≤ –≤–∫—É—Å–∏–ª –≤ –æ—Ä–µ—Ö–æ–≤–æ –∑–∞ –ø–∏—Ä–æ–∂–Ω—ã–º,2020-06-20T20:44:59Z,Ride,16441.8,3785,7029,114.0,"[55.636672, 37.697404]",1BCAE6EA-8522-43F9-A522-9E1EB9E5A4AE-activity.fit
118,3639971680,–ù–æ—á–Ω–æ–π –≤–µ–ª–æ–∑–∞–µ–∑–¥ –ø–æ –Ω–∞–±–µ—Ä–µ–∂–Ω—ã–º –¥–æ–º–æ–π,2020-06-19T21:21:11Z,Ride,19108.2,5374,6067,71.7,"[55.642294, 37.681614]",78FFDA78-057C-4CBA-9421-4AC746A63FE7-activity.fit
119,3633873384,–¢–æ—Ä–∂–æ–∫ - –¢–≤–µ—Ä—å,2020-06-18T09:55:45Z,Ride,100505.0,19095,27635,496.7,"[56.835596, 35.894]",0107DEC9-246D-4657-BFBC-8223167815FD-activity.fit
120,3630665068,–ú—Å–∫,2020-06-17T18:48:11Z,Ride,40473.6,9280,13809,170.3,"[55.639198, 37.702415]",1D9AF17B-10F9-4B70-A514-A29958BD3469-activity.fit
121,3625656871,–î–Ω–µ–≤–Ω–æ–π –≤–µ–ª–æ–∑–∞–µ–∑–¥ –¥–æ –í–æ—Ä–æ–±—å–µ–≤—ã—Ö –≥–æ—Ä –∏ –ø–æ—Ç–æ–º –ø–æ –Ω–∞–±–µ—Ä–µ–∂–Ω—ã–º,2020-06-16T15:22:35Z,Ride,26046.3,6355,20750,170.8,"[55.761699, 37.63458]",84DA2141-2E0C-4A66-9E9C-764CC8B1258F-activity.fit
122,3620514028,–ú—Å–∫,2020-06-15T18:59:31Z,Ride,40282.8,9761,16412,190.8,"[55.637124, 37.697994]",6D1D283E-7547-4D6D-843F-64029D737966-activity.fit
123,3613952935,–Ø—Å–Ω–æ–≥–æ—Ä—Å - –ê–ª–µ–∫—Å–∏–Ω - –°–µ—Ä–ø—É—Ö–æ–≤,2020-06-14T10:17:49Z,Ride,124077.0,21983,26163,1011.7,"[54.936572, 37.45172]",F3268995-58BC-4015-9C7A-6FEA9BCAD699-activity.fit
124,3600474836,–ú—Å–∫,2020-06-11T21:17:34Z,Ride,60425.4,12535,19169,298.4,"[55.636551, 37.697961]",9F388BC8-66D9-4C51-8FF3-9C9BFF6C6637-activity.fit
125,3594976090,–ú—Å–∫,2020-06-10T19:55:00Z,Ride,51752.7,11670,13594,208.9,"[55.640263, 37.692093]",F260928C-845D-4895-9F80-50F8732BD493-activity.fit
126,3590729874,Msk,2020-06-09T19:44:09Z,Ride,68581.0,13161,26481,226.2,"[55.638412, 37.694884]",7AF3532D-3513-4E03-9BA0-5746F4583A4C-activity.fit
127,3585016603,–ú—Å–∫,2020-06-08T19:52:36Z,Ride,74816.2,14706,17275,291.9,"[55.640635, 37.686259]",D76A6DFD-BA22-41CE-8CDE-EAA1E98CB634-activity.fit
128,3580099181,–ú—Å–∫,2020-06-07T17:46:25Z,Ride,51166.8,9590,16019,277.1,"[55.637513, 37.698244]",CDA2F7F7-B4DC-4A60-8E51-3A63D7B2D172-activity.fit
129,3564993976,–ù–æ—á–Ω–æ–π –≤–µ–ª–æ–∑–∞–µ–∑–¥ –≤ –¢–≤–æ–π –¥–æ–º ,2020-06-04T22:54:14Z,Ride,15696.6,3937,6837,110.8,"[55.634978, 37.700952]",8FADF60D-0EB1-4FDC-8AB0-68D06264AE78-activity.fit
130,3559405091,–í–µ—á–µ—Ä–Ω–∏–π –≤–µ–ª–æ–∑–∞–µ–∑–¥ –ø–æ –Ω–∞–±–µ—Ä–µ–∂–Ω—ã–º,2020-06-03T18:01:30Z,Ride,23574.2,5853,11943,130.3,"[55.758995, 37.660031]",A25DBC72-B0D7-44C4-871E-C35A00F12128-activity.fit
131,3554679608,–í–µ—á–µ—Ä–Ω–∏–π –≤–µ–ª–æ–∑–∞–µ–∑–¥ –ø–æ –ú–æ—Å–∫–≤–µ –∏ –Ω–∞–±–µ—Ä–µ–∂–Ω—ã–º,2020-06-02T19:34:55Z,Ride,38794.1,9704,12506,225.1,"[55.638464, 37.696454]",C1EDD476-B328-4D89-BE7F-67A0F086938B-activity.fit
132,3545202822,–ù–æ—á–Ω–æ–π –≤–µ–ª–æ–∑–∞–µ–∑–¥ –ø–æ –®–∏–ø–∏–ª–æ–≤—Å–∫–æ–π,2020-05-31T22:21:50Z,Ride,10072.2,2194,36756,71.5,"[55.637222, 37.698079]",50E4393A-48D3-45DD-BB76-D2DCC3E6FC38-activity.fit
133,3537679789,–ú—Å–∫,2020-05-30T15:48:18Z,Ride,73363.9,13944,20376,297.8,"[55.63745, 37.697602]",0328E25C-5513-43F0-B80F-152678814AF7-activity.fit
134,3526268093,–î—É–±–Ω–∞ - –ò–∫—à–∞,2020-05-28T12:11:43Z,Ride,102916.0,20093,27398,510.2,"[56.173043, 37.510416]",5B5AEDCF-0DD4-4A27-8EC8-57424F94EB8B-activity.fit
135,3514491333,–ü–æ –ò–ª—å–∏–Ω—Å–∫–æ–º –∏ –†—É–±–ª–µ–≤—Å–∫–æ–º—É —à–æ—Å—Å–µ,2020-05-26T06:26:37Z,Ride,133109.0,25432,39223,770.1,"[55.637761, 37.70041]",E4E9D0A5-CB0F-41DC-A6DE-71D785978037-activity.fit
136,3506898865,–ù–æ—á–Ω–æ–π –≤–µ–ª–æ–∑–∞–µ–∑–¥ –¥–æ –û—Ä–µ—Ö–æ–≤–æ,2020-05-25T01:13:25Z,Ride,6776.4,1493,1641,43.9,"[55.637587, 37.698081]",E7F55229-61C6-4799-9660-A0FFED861460-activity.fit
137,3478944273,–ú—Å–∫,2020-05-19T17:20:33Z,Ride,55396.4,13814,19507,225.9,"[55.637518, 37.697922]",E4CEBDF1-E5F4-4C90-B92C-7ECF846E61A3-activity.fit
138,3466964773,–î–Ω–µ–≤–Ω–æ–π –≤–µ–ª–æ–∑–∞–µ–∑–¥ –¥–æ –ó–ò–õ–∞ –ø–æ—Ç–æ–º –ø–æ –Æ–∂–Ω–æ–º—É –ø–æ—Ä—Ç—É –≤ —Ç–µ–∫—Å—Ç–∏–ª—å—â–∏–∫–∏ –≤ –º–µ—Ç—Ä–æ –∏ –ø–æ—Ç–æ–º –¥–æ –ü–µ—Ä–µ—Ä—ã–≤,2020-05-17T15:05:44Z,Ride,23737.3,4849,10953,125.7,"[55.660959, 37.71623]",A9EF9D22-9B97-4DAD-B07B-48B766AE9154-activity.fit
139,3446776970,–í–µ—á–µ—Ä–Ω–∏–π –≤–µ–ª–æ–∑–∞–µ–∑–¥ –¥–æ –ó–ò–õ–∞ –∏ –æ–±—Ä–∞—Ç–Ω–æ,2020-05-13T18:05:20Z,Ride,17105.1,3443,20977,133.1,"[55.636458, 37.697447]",8C5DA026-1BAC-479C-AA01-AA4DD9EE6555-activity.fit
140,3440407453,–î–Ω–µ–≤–Ω–æ–π –≤–µ–ª–æ–∑–∞–µ–∑–¥ –¥–æ –ó–ò–õ–∞ –∏ –æ–±—Ä–∞—Ç–Ω–æ,2020-05-12T16:23:53Z,Ride,22155.3,4712,13785,162.7,"[55.637574, 37.697871]",6CF479DE-9EDA-4506-8371-8A8B4D3E47D6-activity.fit
141,3435697426,–í–µ—á–µ—Ä–Ω–∏–π –≤–µ–ª–æ–∑–∞–µ–∑–¥ –≤ —Ü–µ–Ω—Ç—Ä –ø–æ –∫–æ–≤–∏–¥–Ω–æ–π –ú–æ—Å–∫–≤–µ –¥–æ –°–µ—Ä–ø—É—Ö–æ–≤—Å–∫–æ–π –∏ –ø–æ –Ω–∞–±–µ—Ä–µ–∂–Ω–æ–π –æ–±—Ä–∞—Ç–Ω–æ,2020-05-11T18:51:05Z,Ride,36268.2,7294,9725,162.1,"[55.639208, 37.694557]",E5B78150-2A24-4254-8A53-86DAF3C33D96-activity.fit
142,3426354651,–í–µ—á–µ—Ä–Ω–∏–π –≤–µ–ª–æ–∑–∞–µ–∑–¥ –¥–æ –º–∫–∞–¥–∞ –ø–æ –®–∏–ø–∏–ª–æ–≤—Å–∫–æ–π,2020-05-09T19:56:58Z,Ride,15303.9,3041,8578,113.9,"[55.637552, 37.697836]",8C7639E8-30F3-4184-A3A6-8728E1DAAAEF-activity.fit
143,3417837360,–î–Ω–µ–≤–Ω–æ–π –≤–µ–ª–æ–∑–∞–µ–∑–¥ –¥–æ –º–∞–∫–∞ ,2020-05-08T12:42:47Z,Ride,12417.0,2707,3236,79.7,"[55.637381, 37.697978]",9ABD919F-14CE-4484-AA06-D8EC2D3DC25D-activity.fit
144,3415639629,–ú—Å–∫,2020-05-07T16:38:29Z,Ride,40376.6,10212,21054,270.5,"[55.6377, 37.698021]",F5E19F65-60C3-4B17-AF2C-DB44659EDE2C-activity.fit
145,3402630869,–î–Ω–µ–≤–Ω–æ–π –≤–µ–ª–æ–∑–∞–µ–∑–¥ –¥–æ –º–∞–≥–∞–∑–∏–Ω–∞ –Ω–∞ –ó–ò–õ–µ,2020-05-05T17:03:55Z,Ride,24917.9,4998,6724,173.3,"[55.639436, 37.69371]",D69E30B2-621D-43F6-BC59-176643385CAB-activity.fit
146,3393274650,–î–Ω–µ–≤–Ω–æ–π –≤–µ–ª–æ–∑–∞–µ–∑–¥ –ø–æ –Ω–∞–±–µ—Ä–µ–∂–Ω–æ–π –¥–æ –ê–Ω–¥—Ä–µ–µ–≤—Å–∫–æ–≥–æ –º–æ—Å—Ç–∞ –∏ –æ–±—Ä–∞—Ç–Ω–æ,2020-05-03T17:58:28Z,Ride,31307.8,8922,14154,86.8,"[55.65743, 37.653992]",389984A5-C3F1-467D-B004-367825AD5D44-activity.fit
147,3391226414,–ì—Ä–æ–∑–∞ –∏ –¥–æ–∂–¥—å –≤ –Ω–∞—á–∞–ª–µ –º–∞—è,2020-05-03T15:38:49Z,Ride,17773.2,2841,4321,75.1,"[55.730788, 37.59363]",E315CE41-4229-404C-91D8-9100E223D80E-activity.fit
148,3387010182,–ü–æ –ú–æ—Å–∫–≤–µ,2020-05-02T16:33:10Z,Ride,81133.5,15541,17915,343.7,"[55.637454, 37.698189]",4D3608AD-AA9B-4A01-BC36-6011853FE52F-activity.fit
149,3375726558,–ú—Å–∫,2020-04-30T16:11:13Z,Ride,50142.6,9094,10661,166.9,"[55.637102, 37.699336]",F6BF6F81-C7EF-4A53-95FA-0F85A14AA74B-activity.fit
150,3367428469,–ü–æ –ú–æ—Å–∫–≤–µ,2020-04-28T17:45:09Z,Ride,63124.1,12026,14953,206.0,"[55.638018, 37.700762]",7027D8AE-5338-45FC-918C-93103A70A35D-activity.fit
151,3358416481,–ü–æ –ú–æ—Å–∫–≤–µ,2020-04-26T16:36:29Z,Ride,85131.6,16212,20645,408.4,"[55.637144, 37.699451]",609911C4-DB35-4FA6-ADF8-2083747EE0A3-activity.fit
152,3352846279,–ú—Å–∫,2020-04-25T19:25:00Z,Ride,47381.1,9216,12215,298.7,"[55.638471, 37.698279]",C978AC89-4FDB-4DF5-80ED-1B549DAC8874-activity.fit
153,3299610228,–ù–æ—á–Ω–æ–π –≤–µ–ª–æ–∑–∞–µ–∑–¥ –≤ —Ç–≤–æ–π –¥–æ–º ,2020-04-14T21:24:58Z,Ride,16086.0,3272,8097,118.7,"[55.637682, 37.698057]",D419EE42-B740-4EF8-80FA-270A2224162A-activity.fit
154,3294963616,–î–æ–º–æ–π –∏–∑ –ø–æ–¥–º–æ—Å–∫–æ–≤—å—è,2020-04-13T17:29:17Z,Ride,81307.3,14884,17142,267.3,"[55.637558, 37.698629]",53BDC844-30B7-457F-BC14-C9DD1BC638F1-activity.fit
155,3293679551,–î–Ω–µ–≤–Ω–æ–π –≤–µ–ª–æ–∑–∞–µ–∑–¥,2020-04-13T17:05:01Z,Ride,6285.2,1230,1435,53.6,"[55.58908, 37.727684]",785B1A85-84D6-4C9B-8D0C-C21AF4BFCE28-activity.fit
156,3291032986,–í–µ—á–µ—Ä–Ω–∏–π –≤–µ–ª–æ–∑–∞–µ–∑–¥ –¥–æ —Å–æ–≤—Ö–æ–∑–∞ –≤ —Ç–≤–æ–π –¥–æ–º,2020-04-12T19:04:47Z,Ride,8649.1,1702,16113,69.0,"[55.636276, 37.697281]",A07645C5-3CD6-4597-98E0-AB94ABCC2C1F-activity.fit
157,3289923068,–í–µ—á–µ—Ä–Ω–∏–π –≤–µ–ª–æ–∑–∞–µ–∑–¥ —É—Å—Ç–∞–ª –¥–æ –∫–æ–ª–æ–º–µ–Ω—Å–∫–æ–π –∏ –æ–±—Ä–∞—Ç–Ω–æ,2020-04-10T18:31:47Z,Ride,10700.2,2202,174761,48.6,"[55.63479, 37.699849]",4CC98206-5D31-466C-BAA1-1E40CBB74D02-activity.fit
158,3276889290,–ú—Å–∫,2020-04-09T18:42:50Z,Ride,54711.1,10238,12047,398.8,"[55.637425, 37.698087]",FE594B46-FDD9-4F08-B25C-35D05228CB21-activity.fit
159,3268765088,"–ò–∑ –æ–±–ª–∞—Å—Ç–∏ –≤ –≥–æ—Ä–æ–¥ (—á–∞—Å—Ç—å 1, –Ω–µ –∑–∞–ø–∏—Å–∞–ª–∞—Å—å) ",2020-04-08T00:10:00Z,Ride,35600.0,9000,9000,336.0,,
160,3268178196,–ò–∑ –æ–±–ª–∞—Å—Ç–∏ –≤ –≥–æ—Ä–æ–¥ (—á–∞—Å—Ç—å 2),2020-04-07T20:16:32Z,Ride,22813.0,4774,6632,183.4,"[55.637475, 37.699049]",9B9BF0E5-CA9F-4C18-AB58-E98B992C1A1B-activity.fit
161,3266876760,–ò–∑ –≥–æ—Ä–æ–¥–∞,2020-04-07T18:06:20Z,Ride,6429.8,1234,1514,60.2,"[55.585486, 37.740762]",31ED05F9-ABC0-4218-8896-CA5124BE07A9-activity.fit
162,3228481579,–ú—Å–∫,2020-03-28T16:37:52Z,Ride,54539.1,10770,14229,452.2,"[55.637336, 37.699157]",DE46A8C9-E1B4-4111-B6CB-154FE7C0E61B-activity.fit
163,3220537657,–ú—Å–∫,2020-03-26T14:53:06Z,Ride,53861.0,12844,16817,560.8,"[55.637617, 37.698358]",7D3B5327-05BA-40D1-A31B-D9DD7092E9A8-activity.fit
164,3219330439,Metro - –ê—à–∞–Ω - –û–±–∏ - –ê—à–∞–Ω,2020-03-26T08:16:08Z,Ride,20125.5,4995,15684,222.1,"[55.636137, 37.697106]",85FA870C-2D53-45A8-91FA-04574E820306-activity.fit
165,3217302009,–í–µ—á–µ—Ä–Ω–∏–π –≤–µ–ª–æ–∑–∞–µ–∑–¥ –¥–æ –º–∞–≥–∞–∑–∏–Ω–∞ –∑–∞ —à—Ç—É–∫–∞–º–∏,2020-03-25T18:53:19Z,Ride,21386.0,4739,6403,177.2,"[55.638712, 37.697473]",C0E2AC9D-3EB1-4A9A-A5A5-5E20A3027ECE-activity.fit
166,3194809680,–î–Ω–µ–≤–Ω–æ–π –≤–µ–ª–æ–∑–∞–µ–∑–¥ –¥–æ –º–∞–≥–∞–∑–∏–Ω–∞ –Ω–∞ –ó–ò–õ–µ –∏ –æ–±—Ä–∞—Ç–Ω–æ,2020-03-18T17:10:27Z,Ride,25311.0,6306,11658,215.0,"[55.638402, 37.701532]",B5EDACB7-BA59-4122-A4D6-602D11BF9909-activity.fit
167,3191435423,–î–Ω–µ–≤–Ω–æ–π –≤–µ–ª–æ–∑–∞–µ–∑–¥ –≤ –º–µ—Ä–ª–µ–Ω –∏ –æ–±—Ä–∞—Ç–Ω–æ,2020-03-17T17:08:05Z,Ride,23121.3,5138,7941,209.4,"[55.638245, 37.697417]",1B880BC7-7832-4E25-A327-CF06F301F3D2-activity.fit
168,3189030860,–í–µ—á–µ—Ä–Ω–∏–π –≤–µ–ª–æ–∑–∞–µ–∑–¥ –ø–æ —à–æ—Å—Å–µ –¥–æ–º–æ–π —Ö–æ–ª–æ–¥–Ω–æ,2020-03-16T20:22:28Z,Ride,10428.4,2459,2752,70.1,"[55.638706, 37.696337]",3AE67AD5-4E63-4AFC-BDB5-A66443E9CAA3-activity.fit
169,3188463043,–î–Ω–µ–≤–Ω–æ–π –≤–µ–ª–æ–∑–∞–µ–∑–¥ –ø–æ —à–æ—Å—Å–µ –≤ –º—Å–∫,2020-03-16T16:09:35Z,Ride,10163.7,2994,3702,99.3,"[55.676158, 37.56906]",9A8CFBB1-EF46-4C51-8644-11F475590957-activity.fit
170,3169486618,–ù–æ—á–Ω–æ–π –≤–µ–ª–æ–∑–∞–µ–∑–¥ –ø–æ –ø–∞—Ä–∫—É –≤–¥–æ–ª—å –ø—Ä—É–¥–∞ ,2020-03-09T23:11:16Z,Ride,7689.6,2561,2734,67.3,"[55.639007, 37.695642]",9319B355-D168-4F38-B003-AFF3360478AF-activity.fit
171,3169486647,–ù–æ—á–Ω–æ–π –≤–µ–ª–æ–∑–∞–µ–∑–¥ –≤–¥–æ–ª—å –ø—Ä—É–¥–∞,2020-03-06T23:56:04Z,Ride,16371.7,4809,5152,158.2,"[55.637284, 37.698019]",6829DA33-22AA-4E77-BCAA-B87B575F9E19-activity.fit
172,3060272381,–ù–æ—á–Ω–æ–π –≤–µ–ª–æ–∑–∞–µ–∑–¥ –ø–æ –ø—Ä—É–¥—É,2020-02-01T00:01:19Z,Ride,6352.0,3046,4281,57.2,"[55.637672, 37.697937]",0E749315-2255-45E4-8551-B1DCD5D7B20E-activity.fit
173,3054923512,–ù–æ—á–Ω–æ–π –≤–µ–ª–æ–∑–∞–µ–∑–¥ –≤–¥–æ–ª—å –ø—Ä—É–¥–∞,2020-01-29T23:49:04Z,Ride,8859.8,3401,4208,93.4,"[55.637749, 37.69812]",D2A79355-412D-4851-BD4F-58B90220D577-activity.fit
174,3052043091,–ù–æ—á–Ω–æ–π –≤–µ–ª–æ–∑–∞–µ–∑–¥ –ø–æ –ø–∞—Ä–∫—É –¥–æ –æ–≤—Ä–∞–≥–∞,2020-01-28T23:53:20Z,Ride,6826.4,3409,4906,41.1,"[55.640297, 37.698843]",4EB8061C-EF0A-4A24-9674-0BD68B7F3CD8-activity.fit
175,3031957817,–ù–æ—á–Ω–æ–π –≤–µ–ª–æ–∑–∞–µ–∑–¥ –ø–æ –ø–∞—Ä–∫—É,2020-01-22T00:01:58Z,Ride,8430.9,2299,2299,89.2,"[55.635878, 37.697075]",C83833B5-54BE-4BFC-9186-FAE2AAB48959-activity.fit
176,3028852355,–ù–æ—á–Ω–æ–π –≤–µ–ª–æ–∑–∞–µ–∑–¥ –ø–æ –¶–∞—Ä–∏—Ü—ã–Ω—Å–∫–æ–º—É –ø–∞—Ä–∫—É,2020-01-20T22:56:19Z,Ride,5401.8,1727,1950,53.6,"[55.639546, 37.694474]",A1BFA2CD-7E1F-4362-AF98-0D45E0D4C46D-activity.fit
177,2974716576,–í–¥–æ–ª—å –∫–∞–Ω–∞–ª–∞,2020-01-02T09:40:50Z,Ride,11369.7,3870,4968,65.7,"[55.953318, 37.51125]",92F73913-A7F7-4A1D-A1E4-2DB3666DA252-activity.fit
178,2871583688,–û–¥–∏–Ω—Ü–æ–≤–æ - –ü–µ—Ä–µ–¥–µ–ª–∫–∏–Ω–æ - –°–∫–æ–ª–∫–æ–≤–æ ,2019-11-17T15:13:13Z,Ride,19928.3,4851,5358,199.9,"[55.698414, 37.346212]",29C33444-B8B2-4541-9F5B-228DBE405126
179,2865968946,–°–æ–∫–æ–ª—å–Ω–∏–∫–∏ - –õ–æ—Å–∏–Ω—ã–π –æ—Å—Ç—Ä–æ–≤ üí®,2019-11-15T09:42:05Z,Ride,29275.3,6861,8718,201.3,"[55.862637, 37.682948]",1CB34228-4F40-4771-94AF-0158B428FF67
180,2862076096,–î–Ω–µ–≤–Ω–æ–π –≤–µ–ª–æ–∑–∞–µ–∑–¥,2019-11-13T16:26:06Z,Ride,5624.0,1967,2282,36.3,"[55.745645, 37.626642]",01A7DEE4-83E7-4175-BF80-035FF18CAD6C
181,2856693945,–£—Ç—Ä–µ–Ω–Ω–∏–π –≤–µ–ª–æ–∑–∞–µ–∑–¥,2019-11-11T09:01:32Z,Ride,7001.7,1987,2102,65.2,"[55.637338, 37.699127]",E0E13C8F-565D-44A7-BB50-E2F0EC033AA8
182,2850054692,–î–Ω–µ–≤–Ω–æ–π –≤–µ–ª–æ–∑–∞–µ–∑–¥,2019-11-08T16:55:32Z,Ride,5586.3,1716,4805,67.2,"[55.747539, 37.625588]",CE800EB4-151A-4F08-A060-42174CA6FC1D
183,2841279557,–ù–æ—á–Ω–æ–π –≤–µ–ª–æ–∑–∞–µ–∑–¥,2019-11-04T22:57:48Z,Ride,9584.7,979,2145,45.8,"[55.693979, 37.664486]",52EBB519-32F8-451C-8F07-5984B7A211AF
184,2821569109,–î–Ω–µ–≤–Ω–æ–π –≤–µ–ª–æ–∑–∞–µ–∑–¥,2019-10-27T16:43:51Z,Ride,6460.9,1553,6769,90.0,"[56.257146, 37.999363]",B98A6336-2FDE-4B93-A966-AEAA32B352FA
185,2818323982,–î–Ω–µ–≤–Ω–æ–π –≤–µ–ª–æ–∑–∞–µ–∑–¥,2019-10-26T15:11:37Z,Ride,27027.0,6657,8433,236.5,"[55.740826, 37.62834]",5305241A-80EF-414C-A934-6982D3D25421
186,2798690322,–í–µ—á–µ—Ä–Ω–∏–π –≤–µ–ª–æ–∑–∞–µ–∑–¥,2019-10-18T20:10:03Z,Ride,9769.3,2499,3030,89.1,"[55.745759, 37.626566]",905B3660-D8CA-434C-88BC-6D8E3758ADA0
187,2759832356,–í–µ—Ä–±–∏–ª–∫–∏ - –ê–±—Ä–∞–º—Ü–µ–≤–æ,2019-10-03T10:51:27Z,Ride,70905.8,15837,25630,687.0,"[56.233431, 37.984424]",39F00ECD-2A63-4B6F-B351-EF4C9A90BCA7
188,2757774078,–í–µ—á–µ—Ä–Ω–∏–π –≤–µ–ª–æ–∑–∞–µ–∑–¥,2019-10-02T20:41:13Z,Ride,6510.2,1841,2053,68.9,"[55.638007, 37.696676]",DF335F93-DB39-4F6B-9F07-97C6025C1F51
189,2750706348,–ù–æ—á–Ω–æ–π –≤–µ–ª–æ–∑–∞–µ–∑–¥,2019-09-29T23:29:39Z,Ride,4220.3,1400,4787,31.0,"[55.636076, 37.697118]",1767A3DC-2308-4064-8B6A-40CB6C3798BE
190,2702598567,–ö–∏–º—Ä—ã - –ö–æ–Ω–∞–∫–æ–≤–æ,2019-09-12T09:52:19Z,Ride,109598.0,23651,38022,390.7,"[56.716457, 36.788622]",1AFFF939-14B5-4770-BB8F-0727A7964732
191,2696542680,–ö—É—Ä–æ–≤—Å–∫–æ–µ - –ö–æ–ª–æ–º–Ω–∞,2019-09-10T15:28:16Z,Ride,73665.2,11754,13977,540.9,"[55.142866, 38.787496]",30028E2F-95D4-4EB0-B705-0180A891B999
192,2685114999,–í–æ–ª–æ–∫–æ–ª–∞–º—Å–∫ - –†—É–∑–∞ - –ö—É–±–∏–Ω–∫–∞,2019-09-06T13:39:25Z,Ride,104322.0,19017,22082,764.6,"[55.578859, 36.636367]",9FD6856B-9486-4BAC-962C-F7AE85EB5766
193,2679912537,–î–Ω–µ–≤–Ω–æ–π –≤–µ–ª–æ–∑–∞–µ–∑–¥,2019-09-03T12:27:44Z,Ride,11195.5,2345,3030,101.9,"[55.760646, 37.631615]",49C99D6B-0368-46B2-9583-052EF2ED58ED
194,2668267617,–ó—É–±—Ü–æ–≤ - –°—Ç–∞—Ä–∏—Ü–∞ - –¢–≤–µ—Ä—å,2019-08-31T13:15:33Z,Ride,135473.0,23328,27712,638.3,"[56.836871, 35.893773]",1322B7DA-D850-49CE-8290-973F45831D9F
195,2637889030,–î–Ω–µ–≤–Ω–æ–π –≤–µ–ª–æ–∑–∞–µ–∑–¥,2019-08-21T12:32:24Z,Ride,17106.2,3474,4538,173.1,"[55.637209, 37.699412]",1E819712-E90D-4F8B-8128-D55334670FE6
196,2635406950,–ù–æ—á–Ω–æ–π –≤–µ–ª–æ–∑–∞–µ–∑–¥,2019-08-19T21:08:06Z,Ride,13118.5,2850,7299,78.7,"[55.636341, 37.697219]",7454351F-77B8-4495-868F-D421BCC284DB
197,2621450093,–ë–µ—Ä–µ–Ω–¥–µ–µ–≤–æ - –ü–µ—Ä–µ—Å–ª–∞–≤–ª—å - –ü–ª–µ—â–µ–µ–≤–æ –æ–∑–µ—Ä–æ,2019-08-15T10:05:47Z,Ride,91234.7,20442,29318,604.1,"[56.59806, 39.024077]",42AFBDB2-5BCD-424E-B161-AF0AFFF169EB
198,2613006088,–í–µ—á–µ—Ä–Ω–∏–π –≤–µ–ª–æ–∑–∞–µ–∑–¥,2019-08-12T19:08:33Z,Ride,11040.8,2623,3161,110.8,"[55.761544, 37.633186]",8DD9AA66-B85F-445B-985D-236D831E0B54
199,2609640020,–ú–∞–ª–æ—è—Ä–æ—Å–ª–∞–≤–µ—Ü - –û–±–Ω–∏–Ω—Å–∫ - –°–µ—Ä–ø—É—Ö–æ–≤,2019-08-11T09:07:56Z,Ride,101755.0,17336,22862,669.0,"[54.934777, 37.45199]",A268D851-2CE9-4FAB-B87C-F0A21EF173FB
200,2608473354,–ó–∞–º–µ—Ä –≤—Ä–µ–º–µ–Ω–∏ –æ—Ç –ú—Ü–∫ –¥–æ –ö–∏–µ–≤—Å–∫–æ–≥–æ ,2019-08-11T06:16:57Z,Ride,591.7,33,1294,0.0,"[55.741536, 37.560394]",EB412D96-2B82-4914-A65E-6782A173B0F2
201,2596559081,–ù–æ—á–Ω–æ–π –≤–µ–ª–æ–∑–∞–µ–∑–¥,2019-08-06T21:03:46Z,Ride,5128.4,1383,2513,40.4,"[55.639464, 37.699366]",22187328-5D76-4D94-9BB4-27725618651E
202,2593929461,–ù–æ—á–Ω–æ–π –≤–µ–ª–æ–∑–∞–µ–∑–¥,2019-08-05T23:10:42Z,Ride,3816.6,975,992,39.2,"[55.637025, 37.695489]",3C40D31B-4030-4E5E-9F32-C927E83563B7
203,2591109123,–†–∞–º–µ–Ω—Å–∫–æ–µ - DME –∏ –æ–∫—Ä–µ—Å—Ç–Ω–æ—Å—Ç–∏ ,2019-08-04T17:08:31Z,Ride,58696.4,12090,15687,439.2,"[55.416211, 37.89575]",5426FD95-1170-4179-9579-2F522796801F
204,2587760368,–í–µ—á–µ—Ä–Ω–∏–π –≤–µ–ª–æ–∑–∞–µ–∑–¥,2019-08-03T19:54:18Z,Ride,14119.7,2784,6689,116.7,"[55.637227, 37.699756]",0DC1CD3B-D21D-4A23-B22E-21EA1D82CDD8
205,2584159647,–î–Ω–µ–≤–Ω–æ–π –≤–µ–ª–æ–∑–∞–µ–∑–¥,2019-08-02T16:19:42Z,Ride,11945.5,2323,2583,127.6,"[55.760568, 37.619163]",2DF8F9D4-7C1D-482A-A830-1B62A6120506
206,2578522835,–°–∏–ª—å–Ω–µ–π—à–∏–π –≤—Å—Ç—Ä–µ—á–Ω—ã–π –≤–µ—Ç–µ—Ä - –ø–æ—Å—Ç–∞–≤–∏–ª –≤–µ–ª–æ—Å–∏–ø–µ–¥ –∏ –ø–æ–µ—Ö–∞–ª –Ω–∞ –æ–±—â —Ç—Ä–∞–Ω—Å–ø–æ—Ä—Ç–µ,2019-07-31T16:24:58Z,Ride,6748.0,1589,1879,40.6,"[55.723955, 37.60471]",E1CF4580-323F-43FE-BF38-7FCC547470F4
207,2573327921,–í–µ—á–µ—Ä–Ω–∏–π –≤–µ–ª–æ–∑–∞–µ–∑–¥,2019-07-29T19:06:38Z,Ride,10802.4,2738,3900,86.5,"[55.747226, 37.626229]",494E04DC-F369-4602-AC87-D56973D1E6EB
208,2570446118,–°–µ—Ä–ø—É—Ö–æ–≤ - –°—Ç—É–ø–∏–Ω–æ,2019-07-28T12:52:25Z,Ride,78975.1,15704,20265,635.7,"[54.869485, 38.141299]",F62BDBC2-CFEC-45ED-803E-836E17F2DD38
209,2560414594,–°—Ç–∞–Ω—Ü–∏–∏ –≤–µ–ª–æ–ø—Ä–æ–∫–∞—Ç–∞ —Ç–µ–ø–µ—Ä—å —Ä—è–¥–æ–º —Å –¥–æ–º–æ–º,2019-07-24T23:18:06Z,Ride,8350.8,2539,2743,89.3,"[55.637362, 37.695826]",9F695702-7986-4FB9-8E44-F418369DF42F
210,2550933201,–ö–æ–ª–æ–º–Ω–∞ - –°—Ç—É–ø–∏–Ω–æ,2019-07-21T08:55:05Z,Ride,82764.0,19142,28006,568.4,"[54.883361, 38.199709]",CD4786CA-A7C5-4FE8-8BE7-C5AD37B69456
211,2435936718,–ñ–∞–≤–æ—Ä–æ–Ω–∫–∏ - –ü–æ–¥–æ–ª—å—Å–∫,2019-06-09T09:15:11Z,Ride,56379.6,11516,19701,460.7,"[55.431864, 37.565758]",6660FDDA-E30E-4946-A40F-98C74FD25F72
212,2428525531,–î–Ω–µ–≤–Ω–æ–π –≤–µ–ª–æ–∑–∞–µ–∑–¥,2019-06-06T17:59:14Z,Ride,13977.4,2624,3064,154.4,"[55.760226, 37.630878]",4C36EA6F-B695-4F77-83EB-584528905934
213,2407419327,–ù–æ—á–Ω–æ–π –≤–µ–ª–æ–∑–∞–µ–∑–¥,2019-05-29T21:28:19Z,Ride,17858.9,3898,7859,153.4,"[55.636485, 37.697427]",E2EEB4D0-EDFA-461C-9C00-DDB63FA07E70
214,2385250960,–î–Ω–µ–≤–Ω–æ–π –≤–µ–ª–æ–∑–∞–µ–∑–¥,2019-05-21T16:39:01Z,Ride,15514.1,3057,3096,171.8,"[55.761629, 37.633163]",89424E11-FA2C-4B59-BA93-FAAEBE29490B
215,2383104465,–î–Ω–µ–≤–Ω–æ–π –≤–µ–ª–æ–∑–∞–µ–∑–¥,2019-05-20T16:54:21Z,Ride,22890.1,5992,11655,211.7,"[55.745686, 37.626532]",92AA4B7E-495A-41A6-868D-15BF7767E6F0
216,2377584128,–î–Ω–µ–≤–Ω–æ–π –≤–µ–ª–æ–∑–∞–µ–∑–¥,2019-05-18T16:25:47Z,Ride,14685.4,4598,7277,156.4,"[55.742503, 37.629444]",9BA43189-9290-44C7-89D3-08C81765F79C
217,2350089952,–ù–æ—á–Ω–æ–π –≤–µ–ª–æ–∑–∞–µ–∑–¥,2019-05-07T23:12:07Z,Ride,15868.3,3110,4653,145.2,"[55.640721, 37.691633]",793D9E3A-CED4-4AED-9481-691EB8EC1807
218,2346650512,–î–Ω–µ–≤–Ω–æ–π –≤–µ–ª–æ–∑–∞–µ–∑–¥,2019-05-06T17:33:11Z,Ride,13466.6,2937,3410,145.1,"[55.76149, 37.62732]",AEB357C3-0CFD-443F-807B-FA27BBB464F0
219,2328507124,–í–µ—á–µ—Ä–Ω–∏–π –≤–µ–ª–æ–∑–∞–µ–∑–¥,2019-04-29T18:01:35Z,Ride,17926.9,4746,8737,161.0,"[55.747006, 37.626065]",712E0C08-19E9-4C6E-A2C9-5AE906E99F81
220,2324560968,–î–æ–ª–≥–æ–ø—Ä—É–¥–Ω—ã–π - –•–∏–º–∫–∏ - –ö–æ–ø—Ç–µ–≤–æ,2019-04-28T09:50:44Z,Ride,20901.0,5491,6676,157.7,"[55.839476, 37.522998]",9F433D2B-4AE3-492B-97C9-A862615F1EC4
221,2320605768,–î–Ω–µ–≤–Ω–æ–π –≤–µ–ª–æ–∑–∞–µ–∑–¥,2019-04-26T17:19:13Z,Ride,16006.8,3994,6363,116.1,"[55.744146, 37.618999]",5B44CB95-6B11-4AF7-8980-600C958BE1F8
222,2318833250,–í–µ—á–µ—Ä–Ω–∏–π –≤–µ–ª–æ–∑–∞–µ–∑–¥,2019-04-25T20:35:02Z,Ride,18131.0,4727,7529,165.9,"[55.63748, 37.697881]",FD2F4FB3-02FF-497F-8BCF-C984DAC27140
223,2315914465,–í–µ—á–µ—Ä–Ω–∏–π –≤–µ–ª–æ–∑–∞–µ–∑–¥,2019-04-24T20:09:16Z,Ride,8118.6,1689,1813,55.8,"[55.742136, 37.628637]",49776895-E666-43EE-B438-02498555C1B1
224,2313813785,–ù–æ—á–Ω–æ–π –≤–µ–ª–æ–∑–∞–µ–∑–¥,2019-04-23T21:49:29Z,Ride,15367.2,3545,7322,151.6,"[55.637879, 37.70056]",117DE00C-76FE-4D80-8498-A01E01EC5140
225,2312041631,–î–Ω–µ–≤–Ω–æ–π –≤–µ–ª–æ–∑–∞–µ–∑–¥,2019-04-22T17:08:19Z,Ride,12146.7,3175,3872,123.1,"[55.762362, 37.634201]",E89B9D93-E390-4619-8F9C-2242FF742A8B
226,2008513705,–î–Ω–µ–≤–Ω–æ–π –≤–µ–ª–æ–∑–∞–µ–∑–¥,2018-12-09T15:27:24Z,Ride,16814.0,5411,8044,99.5,"[55.88648, 37.469942]",619698AC-084C-4470-9ADB-9D7FB1130DC9
227,1985428407,–£—Ç—Ä–µ–Ω–Ω–∏–π –≤–µ–ª–æ–∑–∞–µ–∑–¥,2018-11-26T08:06:20Z,Ride,8522.8,1876,5213,107.7,"[55.636331, 37.697309]",DC0DFDE1-6E5D-40A8-9F5C-52E9D346ED59
228,1972691971,–ù–æ—á–Ω–æ–π –≤–µ–ª–æ–∑–∞–µ–∑–¥,2018-11-18T22:09:30Z,Ride,8216.4,2360,4492,88.3,"[55.637596, 37.700037]",984FB208-5DA0-442A-AE75-55B1E2F9EAE8
229,1932497493,–î–Ω–µ–≤–Ω–æ–π –≤–µ–ª–æ–∑–∞–µ–∑–¥,2018-10-28T17:04:37Z,Ride,15631.9,4083,5221,139.9,"[55.745466, 37.62682]",1AA532DB-1E4E-4839-870A-803AEC04B92D
230,1928314970,–î–Ω–µ–≤–Ω–æ–π –≤–µ–ª–æ–∑–∞–µ–∑–¥,2018-10-26T16:09:15Z,Ride,7770.3,2112,2315,122.6,"[55.761123, 37.614803]",5FF6555D-71BF-41C6-A58C-4ADD693D995C
231,1923494526,–ù–æ—á–Ω–æ–π –≤–µ–ª–æ–∑–∞–µ–∑–¥,2018-10-23T23:38:28Z,Ride,6486.1,1697,2726,77.5,"[55.636398, 37.697267]",8046E6EE-35E8-4FFB-9E48-C9B7E4AB64AB
232,1914304643,–î–Ω–µ–≤–Ω–æ–π –≤–µ–ª–æ–∑–∞–µ–∑–¥,2018-10-19T15:40:21Z,Ride,16520.9,3937,5023,228.3,"[55.7023, 37.529799]",C44B36A6-499C-444D-BAE6-E22A749BD845
233,1908488365,–í–µ—á–µ—Ä–Ω–∏–π –≤–µ–ª–æ–∑–∞–µ–∑–¥,2018-10-16T18:08:20Z,Ride,5275.7,1701,3659,38.8,"[55.747779, 37.625729]",7FF1430A-220B-43A4-A79D-24E83C79F33D
234,1907022483,–ù–æ—á–Ω–æ–π –≤–µ–ª–æ–∑–∞–µ–∑–¥,2018-10-15T21:02:07Z,Ride,25298.2,5153,7848,139.1,"[55.640123, 37.687838]",5B8783E0-910D-4DE0-BED6-93AB5899C456
235,1879957376,–ù–∞ —Å–∏–Ω–µ–º —Å–∞–º–æ–∫–∞—Ç–µ –ø–æ –ú–æ—Å–∫–≤–µ :),2018-10-02T20:46:58Z,EBikeRide,5227.7,1069,1125,58.4,"[55.745579, 37.626838]",A3AB9435-7CB6-4C63-81A9-61CEE460BEA8
236,1851089558,–ù–æ—á–Ω–æ–π –≤–µ–ª–æ–∑–∞–µ–∑–¥,2018-09-18T22:39:48Z,Ride,15205.2,3822,17206,131.6,"[55.636763, 37.697613]",ED0C69E5-4EB9-45CE-9B03-578CAE819327
237,1846571755,–ù–æ—á–Ω–æ–π –≤–µ–ª–æ–∑–∞–µ–∑–¥,2018-09-16T21:50:43Z,Ride,11543.8,2919,4909,105.0,"[55.636739, 37.697879]",BAB4A004-C2C1-43BA-BAAD-57D9F0687081
238,1841070058,–î–Ω–µ–≤–Ω–æ–π –≤–µ–ª–æ–∑–∞–µ–∑–¥,2018-09-14T17:00:11Z,Ride,21053.7,4028,6014,94.1,"[55.746871, 37.625676]",88132A17-7D96-434B-A84D-9FCA3CED0BEE
239,1830432239,–ë–æ—Ä–æ–¥–∏–Ω–æ 2018. –£–≤–∞—Ä–æ–≤–∫–∞ - –®–µ–≤–∞—Ä–¥–∏–Ω–æ - –°–µ–º–µ–Ω–æ–≤—Å–∫–æ–µ - –ú–æ–∂–∞–π—Å–∫,2018-09-09T10:50:05Z,Ride,48301.6,13203,26247,351.8,"[55.49445, 36.031807]",F290402A-0CF9-4B38-AF0B-4798B2FBB83A
240,1829002267,–£—Ç—Ä–µ–Ω–Ω–∏–π –≤–µ–ª–æ–∑–∞–µ–∑–¥,2018-09-09T06:28:44Z,Ride,12160.7,2386,3018,73.4,"[55.698782, 37.649083]",B94691BB-81A1-43B9-B2EC-B2486D34DAA2
241,1821479370,–î–Ω–µ–≤–Ω–æ–π –≤–µ–ª–æ–∑–∞–µ–∑–¥,2018-09-05T17:29:05Z,Ride,37665.8,5955,9855,291.5,"[55.639675, 37.694326]",9B960567-1D37-47BC-9016-1FB90E1F851B
242,1819306362,–ù–∞ –≤–µ–ª–æ–ø—Ä–æ–∫–∞—Ç–µ –¥–æ –û—Ä–µ—Ö–æ–≤–æ,2018-09-04T20:06:23Z,Ride,13018.8,3374,3889,111.2,"[55.614224, 37.694408]",A9CFDDDF-1E5D-4837-AD8E-654148713BDA
243,1814637230,–¢–≤–µ—Ä—å - –ö–æ–Ω–∞–∫–æ–≤–æ (—à–æ—Å—Å–µ –∏ –≥—Ä–µ–π–¥–µ—Ä),2018-09-02T08:41:56Z,Ride,100454.0,19777,34181,609.0,"[56.70651, 36.792409]",3299C308-A349-4060-A5DC-EB4F0E354414
244,1802901472,–†—è–∑–∞–Ω—å - –†—ã–±–Ω–æ–µ,2018-08-28T10:41:36Z,Ride,84492.2,15215,20558,447.1,"[54.731067, 39.504151]",A8F736F4-3A1A-4E50-85C8-6008E21A9DB1
245,1801160988,–ü–æ–¥–æ–ª—å—Å–∫  - –ú—Å–∫,2018-08-27T17:36:38Z,Ride,40120.1,7199,8321,286.8,"[55.638011, 37.700904]",23E909B5-23E6-46A7-AC49-4055F0935D7A
246,1790545400,–í–µ—á–µ—Ä–Ω–∏–π –≤–µ–ª–æ–∑–∞–µ–∑–¥,2018-08-22T19:12:05Z,Ride,14968.7,3064,10557,148.3,"[55.636092, 37.699094]",9128C673-CB01-4630-A2DC-C65B8A717255
247,1786340751,–ù–æ—á–Ω–æ–π –≤–µ–ª–æ–∑–∞–µ–∑–¥,2018-08-19T23:22:48Z,Ride,17620.7,3393,5584,168.6,"[55.641207, 37.692205]",0E80497B-1BFD-479A-864F-9BFB28AE383B
248,1777070840,–ù–æ—á–Ω–æ–π –≤–µ–ª–æ–∑–∞–µ–∑–¥,2018-08-16T21:25:38Z,Ride,13571.1,3096,8663,114.0,"[55.637712, 37.696057]",D4D1FAFA-04C6-4289-8ED6-0224752A790D
249,1776077103,–û–∫—Ä–µ—Å—Ç–Ω–æ—Å—Ç–∏ DME,2018-08-16T11:53:01Z,Ride,65108.8,11319,14563,496.8,"[55.637665, 37.698704]",9DC24FB1-B2B0-4258-8A74-E445BD0A49B2
250,1774672366,–î–æ DME –∏ –¥–æ–∂–¥—å,2018-08-15T17:53:35Z,Ride,40450.9,6352,12122,290.2,"[55.250218, 37.856701]",A3D699F1-84A3-4F65-955B-8F8AD56D29A8
251,1770317184,–ú—Å–∫,2018-08-13T17:43:03Z,Ride,43496.1,8409,30101,379.7,"[55.637589, 37.698126]",5F2D3F9A-EA18-4ED1-B863-AC7D31C30038
252,1751157935,–î—É–±–Ω–∞ - –ö–æ–Ω–∞–∫–æ–≤–æ (—Å–æ–ª–Ω—Ü–µ —Å –¥–æ–∂–¥–µ–º),2018-08-05T10:44:33Z,Ride,37425.7,8006,13905,266.2,"[56.716602, 36.788674]",5088876D-B893-495C-81D2-24040E4A4A0B
253,1746964989,–®–∞—Ö–æ–≤—Å–∫–∞—è - –Ø—Ä–æ–ø–æ–ª–µ—Ü - –í–æ–ª–æ–∫–æ–ª–∞–º—Å–∫ - –î—É–±–æ—Å–µ–∫–æ–≤–æ - –ß–∏—Å–º–µ–Ω–∞ - –ù–æ–≤–æ–ø–µ—Ç—Ä–æ–≤—Å–∫–æ–µ - –ö—É—Ä—Å–∞–∫–æ–≤—Å–∫–∞—è,2018-08-03T09:34:41Z,Ride,100516.0,17267,26351,681.4,"[55.95627, 36.588173]",31192E12-06E3-4AED-9CA5-FA97683C7D0B
254,1745797410,–ù–æ—á–Ω–æ–π –≤–µ–ª–æ–∑–∞–µ–∑–¥,2018-08-02T21:45:31Z,Ride,18697.0,3743,11588,190.9,"[55.634474, 37.699201]",DC0FA3C3-44BD-4C16-AC16-16D8B8982401
255,1745296771,–î–Ω–µ–≤–Ω–æ–π –≤–µ–ª–æ–∑–∞–µ–∑–¥,2018-08-01T16:23:28Z,Ride,14432.8,3279,3937,142.1,"[55.742872, 37.631492]",ABA3C848-D847-41A2-A207-07298F4BC2D4
256,1724966141,–í–µ—á–µ—Ä–Ω–∏–π –≤–µ–ª–æ–∑–∞–µ–∑–¥,2018-07-24T19:49:22Z,Ride,8740.4,2284,2762,41.0,"[55.740849, 37.627431]",5CC102D4-114D-4D52-ACC4-4EBEDB888E50
257,1723259825,–ü–æ –ú–æ—Å–∫–≤–µ –¥–æ –•–∏–º–æ–∫ –∏ –æ–±—Ä–∞—Ç–Ω–æ,2018-07-23T19:22:42Z,Ride,75103.5,13683,19558,558.6,"[55.637912, 37.698061]",1BFDB776-21B9-437E-A884-27750ED680E4
258,1721324634,–î–æ –≤–µ–≥–∞—Å–∞,2018-07-22T22:20:16Z,Ride,13919.4,2713,10639,139.4,"[55.636144, 37.697196]",D14B3CB2-5A01-4409-BE59-89836F2C024B
259,1721036105,–í–µ—á–µ—Ä–Ω–∏–π –≤–µ–ª–æ–∑–∞–µ–∑–¥,2018-07-17T18:42:46Z,Ride,10589.7,2796,3305,38.1,"[55.757896, 37.589347]",FFD72FAC-3F88-461E-9433-CBCA3080E07E
260,1708679159,–í–µ—á–µ—Ä–Ω–∏–π –≤–µ–ª–æ–∑–∞–µ–∑–¥,2018-07-16T19:23:58Z,Ride,11381.2,2844,4044,105.7,"[55.742453, 37.629319]",399EFD3A-0545-4C23-8782-CBB6D400A2CC
261,1700570835,–î–æ –ê—Ä–±–∞—Ç–∞ –∏ –æ–±—Ä–∞—Ç–Ω–æ,2018-07-13T21:22:05Z,Ride,17669.7,3198,14735,100.3,"[55.64057, 37.691907]",38694646-C492-4A7B-89A4-83E921C539E4
262,1695743581,–í–µ—á–µ—Ä–Ω–∏–π –≤–µ–ª–æ–∑–∞–µ–∑–¥,2018-07-11T18:31:21Z,Ride,5436.2,1785,2303,63.6,"[55.705786, 37.55376]",4AFB0364-8C1F-425F-A733-183B8123BBDE
263,1693774569,–ü–æ –ú–æ—Å–∫–≤–µ,2018-07-10T19:00:59Z,Ride,12559.9,3779,5333,102.2,"[55.747636, 37.62547]",9DCD69E4-F17C-4C43-B26D-BA9C1BAF3F35
264,1690046878,–î–æ –≤–µ–≥–∞—Å–∞,2018-07-08T21:00:52Z,Ride,7107.3,1665,3454,74.6,"[55.58818, 37.724011]",F00F4124-EF87-4A43-8EF1-FDAD26BFD174
265,1686982019,–¢–∞—Ä—É—Å—Å–∫–∞—è - –ü–æ–ª–µ–Ω–æ–≤–æ - –û–∫–∞ - –°–µ—Ä–ø—É—Ö–æ–≤,2018-07-07T13:11:22Z,Ride,61089.5,12945,22079,597.3,"[54.936099, 37.45186]",B0BEBF56-8E37-4CC9-ACA0-04D702B3017C
266,1684864957,–ü–æ –º–æ—Å–∫–≤–µ,2018-07-06T17:59:11Z,Ride,17526.5,4511,6893,166.9,"[55.742605, 37.629476]",B9FE28C3-2D67-4C6D-B127-915284FFD3E6
267,1682995901,–ø–æ –º–æ—Å–∫–≤–µ,2018-07-05T19:22:06Z,Ride,13669.4,3489,5879,124.6,"[55.740875, 37.625591]",489B9740-3B0D-48C0-9C1C-D94E3F58A29B
268,1674710065,–î–æ –û–¥–∏–Ω—Ü–æ–≤–æ 55 –∫–º,2018-07-01T19:06:23Z,Ride,12793.2,3612,7481,112.3,"[55.710494, 37.621529]",27A1C17B-2D13-4762-B9F7-015DB4603DCA
269,1669998432,–î–æ –ü—è—Ç–Ω–º—Ü–∫–æ–π,2018-06-29T14:53:54Z,Ride,13502.1,3335,18227,90.4,"[55.744141, 37.617012]",BE7BFDCF-4F53-498E-BBBE-30811DAF3B3C
270,1661476379,–î–æ –ü—è—Ç–Ω–∏—Ü–∫–æ–π,2018-06-25T19:06:20Z,Ride,5517.1,1599,2121,73.6,"[55.744775, 37.627216]",A3C73077-D985-44A5-BAEB-B54D22DDE284
271,1660113042,–í–µ—á–µ—Ä–∫–æ–º –ø–æ –ú–æ—Å–∫–≤–µ,2018-06-24T19:34:44Z,Ride,30649.9,6832,12877,263.7,"[55.636225, 37.697234]",BBC09927-5693-4A5B-B5B9-9213BB9B75DE
272,1655373910,–î–æ –ö—Ä–µ–º–ª—è –∏ –æ–±—Ä–∞—Ç–Ω–æ,2018-06-22T20:20:01Z,Ride,33295.2,7269,8675,239.8,"[55.641212, 37.692489]",5A2DFDAD-F447-4016-A39E-A13655360B3D
273,1653451624,–í–µ—á–µ—Ä–æ–º –ø–æ –ú–æ—Å–∫–≤–µ –¥–æ –ì—É–º–∞,2018-06-21T19:25:22Z,Ride,14338.5,5519,8272,122.9,"[55.729969, 37.611773]",E37E2C79-14FF-4534-8B1B-7BE040D2DD54
274,1648706111,–í–µ—á–µ—Ä–Ω–∏–π –≤–µ–ª–æ–∑–∞–µ–∑–¥,2018-06-19T18:56:50Z,Ride,10937.8,3022,3275,103.4,"[55.637051, 37.697737]",ACBFD782-D78E-4D33-A8CF-DC8F339E76F5
275,1648540313,–í–µ—á–µ—Ä–Ω–∏–π –≤–µ–ª–æ–∑–∞–µ–∑–¥,2018-06-19T18:20:27Z,Ride,1367.0,385,446,4.4,"[55.698564, 37.684917]",62A12472-0F8F-42BE-B15C-C35C0453AB74
276,1648518104,"–í–æ–∫—Ä—É–≥ –ú–æ—Å–∫–≤—ã —Ä–µ–∫–∏ –ö–æ–ª–æ–º–µ–Ω—Å–∫–æ–µ, –°–∞–±—É—Ä–æ–≤–æ, –ù–∞–≥–∞—Ç–∏–Ω—Å–∫–æ–π –∑–∞—Ç–æ–Ω",2018-06-19T14:41:47Z,Ride,35841.2,10661,12972,251.0,"[55.701224, 37.701739]",B2B14317-0769-4F61-9931-F72924015D4F
277,1642838038,–°–∞–º–æ–∫–∞—Ç,2018-06-16T21:46:36Z,Ride,5395.6,789,2852,66.8,"[55.766518, 37.60676]",9FB53F28-8901-49D5-9A38-94B0A8E6C1BE
278,1642568239,–í–µ—á–µ—Ä–Ω–∏–π –≤–µ–ª–æ–∑–∞–µ–∑–¥,2018-06-16T18:58:56Z,Ride,6828.2,3448,4879,62.3,"[55.745604, 37.626527]",C5D20EFB-4FC4-4FBA-80E5-711D56F2A9F8
279,1642285569,–í–µ—á–µ—Ä–Ω–∏–π –≤–µ–ª–æ–∑–∞–µ–∑–¥,2018-06-14T19:05:18Z,Ride,7430.8,1986,170346,64.2,"[55.747659, 37.625536]",7B1E6F7B-2C88-4A83-91A5-FCA471DE8D92
280,1636906501,–°–∞–±—É—Ä–æ–≤–æ- –û—Ä–µ—Ö–æ–≤–æ- –ö–∞—à–∏—Ä—Å–∫–∞—è –∏ –æ–±—Ä–∞—Ç–Ω–æ,2018-06-13T23:04:20Z,Ride,18225.1,4212,5791,177.5,"[55.637451, 37.698133]",267347F7-7293-4F2A-8FE0-531E9DFE878F
281,1636439484,–ú–≥—É- –ö–∏–µ–≤—Å–∫–∞—è - –ü—è—Ç–Ω–∏—Ü–∫–∞—è,2018-06-13T17:17:44Z,Ride,17198.6,4883,8736,129.2,"[55.742585, 37.629522]",83A8D476-A700-43C8-B127-58937370B7F1
282,1629672600,–¢–≤–µ—Ä—å-–ú–∏–≥–∞–ª–æ–≤–æ-–î–æ–º–æ—Ç–∫–∞–Ω–æ–≤–æ-–ß—É–ø—Ä–∏—è–Ω–æ–≤–æ,2018-06-10T09:09:22Z,Ride,52556.6,13124,25856,425.8,"[56.757005, 36.037809]",16A0A2A8-B03B-472C-BBE0-9CF323037650
283,1623294147,–°–∞–º–æ–∫–∞—Ç,2018-06-07T18:28:59Z,Ride,6544.8,1907,2947,64.6,"[55.745697, 37.626482]",0E7F224A-40E9-4385-A753-48CC1EC71D27
284,1623204520,–í–µ—á–µ—Ä–Ω–∏–π –≤–µ–ª–æ–∑–∞–µ–∑–¥,2018-06-06T19:37:50Z,Ride,983.9,256,83819,8.5,"[55.734303, 37.618946]",E4829FA0-C4BC-4DA0-B0FB-BAA08F83C295
285,1604300887,–ß–µ—Ä–µ–∑ –õ–æ—Å–∏–Ω—ã–π –æ—Å—Ç—Ä–æ–≤ –¥–æ –ë–µ–ª–æ–∫–∞–º–µ–Ω–Ω–æ–π,2018-05-29T19:01:08Z,Ride,6348.5,1469,10644,15.7,"[55.829057, 37.703302]",AE23CA46-57F5-4AA4-B293-A047789FC4FB
286,1604301021,–£—Ç—Ä–µ–Ω–Ω–∏–π –≤–µ–ª–æ–∑–∞–µ–∑–¥,2018-05-08T10:08:37Z,Ride,9210.5,3732,29532,94.3,"[56.699724, 36.727244]",33AE8D78-2DF8-46E5-BA36-B6E8549BBB4B
287,1544976158,–î–Ω–µ–≤–Ω–æ–π –≤–µ–ª–æ–∑–∞–µ–∑–¥,2018-05-02T12:20:35Z,Ride,10159.9,3415,4086,34.7,"[55.478378, 37.800757]",2EAD5F34-F762-4628-BA51-513D9EDF84ED
288,1202610221,–í–µ–ª—å—è–º–∏–Ω–æ–≤–æ - –ß–µ—Ö–æ–≤,2017-09-26T10:52:42Z,Ride,65022.7,18507,25364,436.0,"[55.182915, 37.486736]",C7BB4E4B-D0A2-4AF7-8AAE-BABC323EE41D
289,1199618385,–î–Ω–µ–≤–Ω–æ–π –≤–µ–ª–æ–∑–∞–µ–∑–¥,2017-09-24T15:04:27Z,Ride,22654.2,7497,10605,207.8,"[55.537186, 37.569869]",D945546F-FDF5-4716-B033-D83C4287A1ED
290,1197883696,–î–Ω–µ–≤–Ω–æ–π –≤–µ–ª–æ–∑–∞–µ–∑–¥,2017-09-23T17:22:37Z,Ride,38233.1,6101,7742,262.4,"[55.871302, 37.57073]",578C8A2D-8F81-4FC5-932D-C69395DBEEC7
291,1164565163,–ö–∏–º—Ä—ã - –ö–æ–Ω–∞–∫–æ–≤–æ,2017-09-02T09:37:46Z,Ride,42630.5,9259,30413,219.8,"[56.70472, 36.748764]",C587A72C-ADAE-411E-8AC3-237CACFE0CC5
292,1091460769,–ß–∏—Å–º–µ–Ω–∞ - –¢–µ—Ä—è–µ–≤–æ - –ó–∞–≤–∏–¥–æ–≤–æ - –†–µ—à–µ—Ç–Ω–∏–∫–æ–≤–æ –∏—é–ª—å 17,2017-07-19T11:57:38Z,Ride,95411.4,20200,26615,405.3,"[56.346359, 36.700194]",F73D665E-D7B0-4503-8FAB-CB68DD9BD44A
293,1078710479,–ê–ª–µ–∫—Å–∞–Ω–¥—Ä–æ–≤ - –°–µ—Ä–≥–∏–µ–≤ –ü–æ—Å–∞–¥,2017-07-11T11:36:59Z,Ride,158602.0,24707,36520,1205.4,"[55.640028, 37.689872]",29F5B241-3A96-4BC0-A993-EC26E981D892
294,1050583913,–í –æ–∫—Ä–µ—Å—Ç–Ω–æ—Å—Ç—è—Ö DME,2017-06-23T13:32:21Z,Ride,69014.3,15122,25515,599.6,"[55.271154, 37.8956]",C10C667A-B74A-4B28-BCEA-CEA2D58CD09E
295,1039861063,–ù–æ—á–Ω–æ–π –≤–µ–ª–æ–∑–∞–µ–∑–¥,2017-06-16T21:37:24Z,Ride,16464.1,4193,9287,166.9,"[55.636573, 37.697455]",388F04CA-0140-487F-AF73-7840EAB41FB9
296,1033405903,–î–Ω–µ–≤–Ω–æ–π –≤–µ–ª–æ–∑–∞–µ–∑–¥,2017-06-12T17:44:17Z,Ride,30695.3,7831,10993,303.7,"[55.637547, 37.6977]",46CA0630-CE46-481A-A277-E5A3ACB98480
